company,companyLabel,productTypeLabel,revenue,revenueYear,revenueCurrencyLabel,employees,employeesYear,netProfit,netProfitYear,netProfitCurrencyLabel
http://www.wikidata.org/entity/Q101249024,Q101249024,чай,,,,,,,,
http://www.wikidata.org/entity/Q1020913,Bünting-Gruppe,чай,,,,,,,,
http://www.wikidata.org/entity/Q104530260,Tjiboeni-Tjipongpok Caoutchouc Maatschappij,кофе,,,,,,,,
http://www.wikidata.org/entity/Q104530260,Tjiboeni-Tjipongpok Caoutchouc Maatschappij,чай,,,,,,,,
http://www.wikidata.org/entity/Q104733666,"Sumatra Rubber Cultuur Maatschappij ""Serbadjadi""",кофе,,,,,,,,
http://www.wikidata.org/entity/Q104887237,"Rubber Cultuur Maatschappij ""Kendeng Lemboe""",кофе,,,,,,,,
http://www.wikidata.org/entity/Q104888250,Bandar Rubber Maatschappij,кофе,,,,,,,,
http://www.wikidata.org/entity/Q10489162,Espresso House,кофе,,,,,,,,
http://www.wikidata.org/entity/Q105064589,Cambuhy Coffee and Cotton Estates,кофе,,,,,,,,
http://www.wikidata.org/entity/Q105071259,Ceylon Tea Plantations,чай,,,,,,,,
http://www.wikidata.org/entity/Q105080718,Amsterdam-Tapanoeli Rubber Cultur Maatschappij,кофе,,,,,,,,
http://www.wikidata.org/entity/Q105233535,Cultuur Maatschappij Pondok-Gedeh,кофе,,,,,,,,
http://www.wikidata.org/entity/Q105233535,Cultuur Maatschappij Pondok-Gedeh,чай,,,,,,,,
http://www.wikidata.org/entity/Q105274801,Loumidis,кофе,,,,,,,,
http://www.wikidata.org/entity/Q105296791,Dutch East Indian Agricultural Company,чай,,,,,,,,
http://www.wikidata.org/entity/Q105426875,British Rubber Estates of Java,кофе,,,,,,,,
http://www.wikidata.org/entity/Q105426875,British Rubber Estates of Java,чай,,,,,,,,
http://www.wikidata.org/entity/Q1054692,Twinings,чай,,,,,,,,
http://www.wikidata.org/entity/Q105477506,Insulinde Cultuur Syndicaat,кофе,,,,,,,,
http://www.wikidata.org/entity/Q105477506,Insulinde Cultuur Syndicaat,чай,,,,,,,,
http://www.wikidata.org/entity/Q105542987,Moluccan Trade Company,кофе,,,,,,,,
http://www.wikidata.org/entity/Q105714225,dr.cafe Coffee,кофе,,,,,,,,
http://www.wikidata.org/entity/Q106290996,Bajoe Kidoel Rubber & Produce Co.,кофе,,,,,,,,
http://www.wikidata.org/entity/Q106291172,Harrisons & Crosfield,чай,,,,,,,,
http://www.wikidata.org/entity/Q106360262,Nerada Tea,чай,,,,,,,,
http://www.wikidata.org/entity/Q106494090,Deli-Batavia Rubber Maatschappij,кофе,,,,,,,,
http://www.wikidata.org/entity/Q106608890,Alpha Coffee,кофе,,,,,,,,
http://www.wikidata.org/entity/Q106838103,Djember Rubber Estates,кофе,,,,,,,,
http://www.wikidata.org/entity/Q107151170,Kolls,кофе,,,,,,,,
http://www.wikidata.org/entity/Q1072166,чайная,чай,,,,,,,,
http://www.wikidata.org/entity/Q107898772,tea company,чай,,,,,,,,
http://www.wikidata.org/entity/Q10939065,TenRen's Tea,чай,,,,,,,,
http://www.wikidata.org/entity/Q110122154,Q110122154,чай,,,,,,,,
http://www.wikidata.org/entity/Q110769361,FLORAPHARM Pflanzliche Naturprodukte GmbH,чай,,,,,,,,
http://www.wikidata.org/entity/Q110835078,Devolli Corporation,кофе,400000000,2021,евро,4200,2021,,,
http://www.wikidata.org/entity/Q111729778,Rakkasan Tea Company,чай,,,,,,,,
http://www.wikidata.org/entity/Q112216492,"Landbouw Maatschappij ""Pasir Kananga""",чай,,,,,,,,
http://www.wikidata.org/entity/Q112861795,Tanoak seed,кофе,,,,,,,,
http://www.wikidata.org/entity/Q113059957,Mel-O-Cream Donuts,кофе,,,,,,,,
http://www.wikidata.org/entity/Q113383595,Q113383595,чай,,,,,,,,
http://www.wikidata.org/entity/Q114067073,Xianluoguo,чай,,,,,,,,
http://www.wikidata.org/entity/Q1147545,френч-пресс,кофе,,,,,,,,
http://www.wikidata.org/entity/Q1147545,френч-пресс,чай,,,,,,,,
http://www.wikidata.org/entity/Q114828290,machi machi,чай,,,,,,,,
http://www.wikidata.org/entity/Q115136213,Rwanda Mountain Tea LTD,чай,,,,,,,,
http://www.wikidata.org/entity/Q116766725,Central American Plantations Corporation,кофе,,,,,,,,
http://www.wikidata.org/entity/Q117841805,"Antique Assam Tea Farm, Sun Moon Lake",чай,,,,,,,,
http://www.wikidata.org/entity/Q118489697,El Chaná,кофе,,,,,,,,
http://www.wikidata.org/entity/Q1185060,Ueshima Coffee Company,кофе,,,,3668,,,,
http://www.wikidata.org/entity/Q12055615,Crazy Mocha Coffee Company,кофе,,,,,,,,
http://www.wikidata.org/entity/Q12058335,Jemča,чай,152244000,2019,чешская крона,77,2019,-14803000,2019,чешская крона
http://www.wikidata.org/entity/Q120997937,Compose Coffee,кофе,,,,,,,,
http://www.wikidata.org/entity/Q120997937,Compose Coffee,чай,,,,,,,,
http://www.wikidata.org/entity/Q121072061,Barn's,кофе,,,,,,,,
http://www.wikidata.org/entity/Q12169079,Чайная плантация,чай,,,,,,,,
http://www.wikidata.org/entity/Q122764967,Santos Palace,кофе,,,,,,,,
http://www.wikidata.org/entity/Q12302886,Baresso,кофе,,,,,,,,
http://www.wikidata.org/entity/Q12302886,Baresso,чай,,,,,,,,
http://www.wikidata.org/entity/Q12326689,Q12326689,кофе,,,,,,,,
http://www.wikidata.org/entity/Q12331633,Peter Larsens Kaffe,кофе,,,,,,,,
http://www.wikidata.org/entity/Q123416993,Sea Dyke,чай,,,,,,,,
http://www.wikidata.org/entity/Q1252809,Douwe Egberts,кофе,,,,7579,,,,
http://www.wikidata.org/entity/Q1252809,Douwe Egberts,чай,,,,7579,,,,
http://www.wikidata.org/entity/Q125292463,Madura Tea Estates,чай,,,,,,,,
http://www.wikidata.org/entity/Q12611298,Ediya Coffee,кофе,,,,,,,,
http://www.wikidata.org/entity/Q12611298,Ediya Coffee,чай,,,,,,,,
http://www.wikidata.org/entity/Q126468015,Kuddly Krab,чай,,,,,,,,
http://www.wikidata.org/entity/Q126489285,Pickup Coffee,кофе,,,,,,,,
http://www.wikidata.org/entity/Q12810467,Kurukahveci Mehmet Efendi,кофе,,,,,,,,
http://www.wikidata.org/entity/Q129256375,Fresh Corner,кофе,,,,,,,,
http://www.wikidata.org/entity/Q129256375,Fresh Corner,чай,,,,,,,,
http://www.wikidata.org/entity/Q130334843,Delikana,кофе,,,,,,,,
http://www.wikidata.org/entity/Q130868061,Stop Cafe,кофе,,,,,,,,
http://www.wikidata.org/entity/Q131426654,Белкофе,кофе,2033000,2023,Белорусский рубль,49,2016,7000,2023,Белорусский рубль
http://www.wikidata.org/entity/Q131936188,Retrograde Wrexham,кофе,,,,,,,,
http://www.wikidata.org/entity/Q132291927,Fleur de Café,кофе,,,,18,2024,,,
http://www.wikidata.org/entity/Q132291927,Fleur de Café,чай,,,,18,2024,,,
http://www.wikidata.org/entity/Q135728368,Saquella,кофе,,,,,,,,
http://www.wikidata.org/entity/Q136734522,La Donuteria,кофе,,,,,,,,
http://www.wikidata.org/entity/Q136735524,Caffé Trieste,кофе,,,,,,,,
http://www.wikidata.org/entity/Q137293468,Dreamers Coffee Roasters,кофе,,,,,,,,
http://www.wikidata.org/entity/Q137293570,Miacucina,кофе,,,,,,,,
http://www.wikidata.org/entity/Q137293809,PRESERVE,кофе,,,,,,,,
http://www.wikidata.org/entity/Q137533120,Happy Farmer,кофе,,,,,,,,
http://www.wikidata.org/entity/Q137610754,Q137610754,кофе,,,,280,2024,,,
http://www.wikidata.org/entity/Q137888394,Miopane USA,кофе,,,,,,,,
http://www.wikidata.org/entity/Q138411639,Taste of Guardians,кофе,,,,,,,,
http://www.wikidata.org/entity/Q138411639,Taste of Guardians,чай,,,,,,,,
http://www.wikidata.org/entity/Q1502774,Massimo Zanetti Beverage Group,кофе,,,,,,,,
http://www.wikidata.org/entity/Q15951082,Русский продукт,кофе,,,,,,,,
http://www.wikidata.org/entity/Q16908964,T K Group of Industries,чай,,,,,,,,
http://www.wikidata.org/entity/Q16951700,Sumo Salad,кофе,,,,,,,,
http://www.wikidata.org/entity/Q16952021,Mikel Coffee Company,кофе,33439000,2014,евро,3000,2020,13000000,2018,евро
http://www.wikidata.org/entity/Q16952021,Mikel Coffee Company,кофе,33439000,2014,евро,3000,2020,13500000,2020,евро
http://www.wikidata.org/entity/Q16952021,Mikel Coffee Company,кофе,33439000,2014,евро,3000,2020,12133000,2014,евро
http://www.wikidata.org/entity/Q16966589,TWG Tea,чай,,,,,,,,
http://www.wikidata.org/entity/Q16993987,Gaviña Gourmet Coffee,кофе,,,,,,,,
http://www.wikidata.org/entity/Q16998937,La Prima Espresso Company,кофе,,,,,,,,
http://www.wikidata.org/entity/Q17000871,Dwinell-Wright Company,кофе,,,,,,,,
http://www.wikidata.org/entity/Q1704731,Габет,кофе,,,,,,,,
http://www.wikidata.org/entity/Q17059517,Yorkshire Tea,чай,,,,,,,,
http://www.wikidata.org/entity/Q17064706,Limuru Tea Company Limited,чай,,,,,,,,
http://www.wikidata.org/entity/Q17069332,Esquires,кофе,,,,,,,,
http://www.wikidata.org/entity/Q17087777,Two Leaves Tea Company,чай,,,,,,,,
http://www.wikidata.org/entity/Q17110502,Kakuzi Limited,чай,,,,,,,,
http://www.wikidata.org/entity/Q17119335,Upton Tea Imports,чай,,,,,,,,
http://www.wikidata.org/entity/Q17165535,BKI Foods,кофе,940000000,2024,датская крона,245,2024,,,
http://www.wikidata.org/entity/Q17165535,BKI Foods,чай,940000000,2024,датская крона,245,2024,,,
http://www.wikidata.org/entity/Q175106,Тим Хортонс,кофе,,,,,,,,
http://www.wikidata.org/entity/Q18148458,Farmer Brothers,кофе,,,,,,,,
http://www.wikidata.org/entity/Q18161207,Джок Уиллис Шиппинг Лайн,чай,,,,,,,,
http://www.wikidata.org/entity/Q18166370,Pie Face,кофе,,,,,,,,
http://www.wikidata.org/entity/Q18208286,Bucking Bull,кофе,,,,,,,,
http://www.wikidata.org/entity/Q18477422,Companhia Agrícola e Pastoril d’Oeste de São Paulo,кофе,,,,,,,,
http://www.wikidata.org/entity/Q18688965,Meira,кофе,,,,,,,,
http://www.wikidata.org/entity/Q19608057,Brazilian Warrant Agency and Finance Co,кофе,,,,,,,,
http://www.wikidata.org/entity/Q19872246,American Tea Room,чай,,,,,,,,
http://www.wikidata.org/entity/Q19903001,кофеварение,кофе,,,,,,,,
http://www.wikidata.org/entity/Q19960469,Q19960469,кофе,,,,,,,,
http://www.wikidata.org/entity/Q20053402,Coca Cola Brasil,чай,,,,,,,,
http://www.wikidata.org/entity/Q2044120,PG Tips,чай,,,,,,,,
http://www.wikidata.org/entity/Q20749102,Akbar Tea,чай,,,,,,,,
http://www.wikidata.org/entity/Q2086676,Q2086676,кофе,,,,,,,,
http://www.wikidata.org/entity/Q2182096,Katwijk,кофе,,,,,,,,
http://www.wikidata.org/entity/Q2183106,Zoelen (Commewijne),кофе,,,,,,,,
http://www.wikidata.org/entity/Q2202850,Röstfein,кофе,,,,,,,,
http://www.wikidata.org/entity/Q23058374,Cafè Neo,кофе,,,,,,,,
http://www.wikidata.org/entity/Q23461663,La Colombe Coffee Roasters,кофе,,,,,,,,
http://www.wikidata.org/entity/Q2363097,кофеобжарочное производство,кофе,,,,,,,,
http://www.wikidata.org/entity/Q2425276,Tetley,чай,,,,,,,,
http://www.wikidata.org/entity/Q24934990,Mlesna,чай,,,,,,,,
http://www.wikidata.org/entity/Q24945529,Heladiv,чай,,,,,,,,
http://www.wikidata.org/entity/Q25021306,Maya Tea Company,чай,,,,,,,,
http://www.wikidata.org/entity/Q25303121,JDE Peet’s,кофе,,,,,,,,
http://www.wikidata.org/entity/Q2637272,Wayne’s Coffee,кофе,,,,,,,,
http://www.wikidata.org/entity/Q2695932,Stumptown Coffee Roasters,кофе,,,,,,,,
http://www.wikidata.org/entity/Q27431294,Coffee Method,кофе,,,,,,,,
http://www.wikidata.org/entity/Q28229714,Gregorys Coffee,кофе,,,,,,,,
http://www.wikidata.org/entity/Q2869396,Atlantic Grupa,кофе,987082000,2023,евро,5274,2024,31220000,2023,евро
http://www.wikidata.org/entity/Q2915350,Осем,кофе,,,,,,,,
http://www.wikidata.org/entity/Q301301,Nespresso,кофе,,,,,,,,
http://www.wikidata.org/entity/Q3019129,DavidsTea,чай,,,,,,,,
http://www.wikidata.org/entity/Q3058833,кафе,кофе,,,,,,,,
http://www.wikidata.org/entity/Q30591352,Bo's Coffee,кофе,,,,,,,,
http://www.wikidata.org/entity/Q30674569,Paul Bassett,чай,,,,,,,,
http://www.wikidata.org/entity/Q30740477,Scop TI,чай,,,,,,,,
http://www.wikidata.org/entity/Q3079325,Ито Эн,чай,,,,,,,,
http://www.wikidata.org/entity/Q30891188,Шоколадница,кофе,,,,,,,,
http://www.wikidata.org/entity/Q3114287,McCafé,кофе,,,,,,,,
http://www.wikidata.org/entity/Q3138841,Van Nelle,кофе,,,,,,,,
http://www.wikidata.org/entity/Q3138841,Van Nelle,чай,,,,,,,,
http://www.wikidata.org/entity/Q3268492,Gevalia,кофе,,,,,,,,
http://www.wikidata.org/entity/Q327751,Kraft Foods,кофе,,,,22500,2015,,,
http://www.wikidata.org/entity/Q329426,Danone,кофе,27661000000,2022,евро,101911,2020,1720000000,2016,евро
http://www.wikidata.org/entity/Q329426,Danone,кофе,27661000000,2022,евро,101911,2020,959000000,2022,евро
http://www.wikidata.org/entity/Q329426,Danone,кофе,27661000000,2022,евро,101911,2020,1353000000,2006,евро
http://www.wikidata.org/entity/Q329426,Danone,кофе,27661000000,2022,евро,101911,2020,1924000000,2021,евро
http://www.wikidata.org/entity/Q329426,Danone,кофе,27661000000,2022,евро,101911,2020,1929000000,2019,евро
http://www.wikidata.org/entity/Q329426,Danone,кофе,27661000000,2022,евро,101911,2020,1464000000,2005,евро
http://www.wikidata.org/entity/Q329426,Danone,кофе,27661000000,2022,евро,101911,2020,4180000000,2007,евро
http://www.wikidata.org/entity/Q329426,Danone,кофе,27661000000,2022,евро,101911,2020,1672000000,2012,евро
http://www.wikidata.org/entity/Q329426,Danone,кофе,27661000000,2022,евро,101911,2020,1956000000,2020,евро
http://www.wikidata.org/entity/Q329426,Danone,кофе,27661000000,2022,евро,101911,2020,2453000000,2017,евро
http://www.wikidata.org/entity/Q329426,Danone,кофе,27661000000,2022,евро,101911,2020,1282000000,2015,евро
http://www.wikidata.org/entity/Q329426,Danone,кофе,27661000000,2022,евро,101911,2020,1422000000,2013,евро
http://www.wikidata.org/entity/Q329426,Danone,кофе,27661000000,2022,евро,101911,2020,2349000000,2018,евро
http://www.wikidata.org/entity/Q329426,Danone,кофе,27661000000,2022,евро,101911,2020,1870000000,2010,евро
http://www.wikidata.org/entity/Q329426,Danone,кофе,27661000000,2022,евро,101911,2020,1671000000,2011,евро
http://www.wikidata.org/entity/Q329426,Danone,кофе,27661000000,2022,евро,101911,2020,132000000,2001,евро
http://www.wikidata.org/entity/Q329426,Danone,кофе,27661000000,2022,евро,101911,2020,449000000,2004,евро
http://www.wikidata.org/entity/Q329426,Danone,кофе,27661000000,2022,евро,101911,2020,1119000000,2014,евро
http://www.wikidata.org/entity/Q329426,Danone,кофе,27661000000,2022,евро,101911,2020,1283000000,2002,евро
http://www.wikidata.org/entity/Q329426,Danone,кофе,27661000000,2022,евро,101911,2020,839000000,2003,евро
http://www.wikidata.org/entity/Q329426,Danone,кофе,27661000000,2022,евро,101911,2020,881000000,2023,евро
http://www.wikidata.org/entity/Q329426,Danone,кофе,27661000000,2022,евро,101911,2020,1361000000,2009,евро
http://www.wikidata.org/entity/Q329426,Danone,кофе,27661000000,2022,евро,101911,2020,1313000000,2008,евро
http://www.wikidata.org/entity/Q329426,Danone,кофе,27661000000,2022,евро,101911,2020,721000000,2000,евро
http://www.wikidata.org/entity/Q329426,Danone,кофе,27661000000,2022,евро,100000,2023,1720000000,2016,евро
http://www.wikidata.org/entity/Q329426,Danone,кофе,27661000000,2022,евро,100000,2023,959000000,2022,евро
http://www.wikidata.org/entity/Q329426,Danone,кофе,27661000000,2022,евро,100000,2023,1353000000,2006,евро
http://www.wikidata.org/entity/Q329426,Danone,кофе,27661000000,2022,евро,100000,2023,1924000000,2021,евро
http://www.wikidata.org/entity/Q329426,Danone,кофе,27661000000,2022,евро,100000,2023,1929000000,2019,евро
http://www.wikidata.org/entity/Q329426,Danone,кофе,27661000000,2022,евро,100000,2023,1464000000,2005,евро
http://www.wikidata.org/entity/Q329426,Danone,кофе,27661000000,2022,евро,100000,2023,4180000000,2007,евро
http://www.wikidata.org/entity/Q329426,Danone,кофе,27661000000,2022,евро,100000,2023,1672000000,2012,евро
http://www.wikidata.org/entity/Q329426,Danone,кофе,27661000000,2022,евро,100000,2023,1956000000,2020,евро
http://www.wikidata.org/entity/Q329426,Danone,кофе,27661000000,2022,евро,100000,2023,2453000000,2017,евро
http://www.wikidata.org/entity/Q329426,Danone,кофе,27661000000,2022,евро,100000,2023,1282000000,2015,евро
http://www.wikidata.org/entity/Q329426,Danone,кофе,27661000000,2022,евро,100000,2023,1422000000,2013,евро
http://www.wikidata.org/entity/Q329426,Danone,кофе,27661000000,2022,евро,100000,2023,2349000000,2018,евро
http://www.wikidata.org/entity/Q329426,Danone,кофе,27661000000,2022,евро,100000,2023,1870000000,2010,евро
http://www.wikidata.org/entity/Q329426,Danone,кофе,27661000000,2022,евро,100000,2023,1671000000,2011,евро
http://www.wikidata.org/entity/Q329426,Danone,кофе,27661000000,2022,евро,100000,2023,132000000,2001,евро
http://www.wikidata.org/entity/Q329426,Danone,кофе,27661000000,2022,евро,100000,2023,449000000,2004,евро
http://www.wikidata.org/entity/Q329426,Danone,кофе,27661000000,2022,евро,100000,2023,1119000000,2014,евро
http://www.wikidata.org/entity/Q329426,Danone,кофе,27661000000,2022,евро,100000,2023,1283000000,2002,евро
http://www.wikidata.org/entity/Q329426,Danone,кофе,27661000000,2022,евро,100000,2023,839000000,2003,евро
http://www.wikidata.org/entity/Q329426,Danone,кофе,27661000000,2022,евро,100000,2023,881000000,2023,евро
http://www.wikidata.org/entity/Q329426,Danone,кофе,27661000000,2022,евро,100000,2023,1361000000,2009,евро
http://www.wikidata.org/entity/Q329426,Danone,кофе,27661000000,2022,евро,100000,2023,1313000000,2008,евро
http://www.wikidata.org/entity/Q329426,Danone,кофе,27661000000,2022,евро,100000,2023,721000000,2000,евро
http://www.wikidata.org/entity/Q329426,Danone,кофе,27661000000,2022,евро,98105,2021,1720000000,2016,евро
http://www.wikidata.org/entity/Q329426,Danone,кофе,27661000000,2022,евро,98105,2021,959000000,2022,евро
http://www.wikidata.org/entity/Q329426,Danone,кофе,27661000000,2022,евро,98105,2021,1353000000,2006,евро
http://www.wikidata.org/entity/Q329426,Danone,кофе,27661000000,2022,евро,98105,2021,1924000000,2021,евро
http://www.wikidata.org/entity/Q329426,Danone,кофе,27661000000,2022,евро,98105,2021,1929000000,2019,евро
http://www.wikidata.org/entity/Q329426,Danone,кофе,27661000000,2022,евро,98105,2021,1464000000,2005,евро
http://www.wikidata.org/entity/Q329426,Danone,кофе,27661000000,2022,евро,98105,2021,4180000000,2007,евро
http://www.wikidata.org/entity/Q329426,Danone,кофе,27661000000,2022,евро,98105,2021,1672000000,2012,евро
http://www.wikidata.org/entity/Q329426,Danone,кофе,27661000000,2022,евро,98105,2021,1956000000,2020,евро
http://www.wikidata.org/entity/Q329426,Danone,кофе,27661000000,2022,евро,98105,2021,2453000000,2017,евро
http://www.wikidata.org/entity/Q329426,Danone,кофе,27661000000,2022,евро,98105,2021,1282000000,2015,евро
http://www.wikidata.org/entity/Q329426,Danone,кофе,27661000000,2022,евро,98105,2021,1422000000,2013,евро
http://www.wikidata.org/entity/Q329426,Danone,кофе,27661000000,2022,евро,98105,2021,2349000000,2018,евро
http://www.wikidata.org/entity/Q329426,Danone,кофе,27661000000,2022,евро,98105,2021,1870000000,2010,евро
http://www.wikidata.org/entity/Q329426,Danone,кофе,27661000000,2022,евро,98105,2021,1671000000,2011,евро
http://www.wikidata.org/entity/Q329426,Danone,кофе,27661000000,2022,евро,98105,2021,132000000,2001,евро
http://www.wikidata.org/entity/Q329426,Danone,кофе,27661000000,2022,евро,98105,2021,449000000,2004,евро
http://www.wikidata.org/entity/Q329426,Danone,кофе,27661000000,2022,евро,98105,2021,1119000000,2014,евро
http://www.wikidata.org/entity/Q329426,Danone,кофе,27661000000,2022,евро,98105,2021,1283000000,2002,евро
http://www.wikidata.org/entity/Q329426,Danone,кофе,27661000000,2022,евро,98105,2021,839000000,2003,евро
http://www.wikidata.org/entity/Q329426,Danone,кофе,27661000000,2022,евро,98105,2021,881000000,2023,евро
http://www.wikidata.org/entity/Q329426,Danone,кофе,27661000000,2022,евро,98105,2021,1361000000,2009,евро
http://www.wikidata.org/entity/Q329426,Danone,кофе,27661000000,2022,евро,98105,2021,1313000000,2008,евро
http://www.wikidata.org/entity/Q329426,Danone,кофе,27661000000,2022,евро,98105,2021,721000000,2000,евро
http://www.wikidata.org/entity/Q329426,Danone,кофе,27619000000,2023,евро,100000,2023,1929000000,2019,евро
http://www.wikidata.org/entity/Q329426,Danone,кофе,27619000000,2023,евро,100000,2023,1464000000,2005,евро
http://www.wikidata.org/entity/Q329426,Danone,кофе,27619000000,2023,евро,100000,2023,4180000000,2007,евро
http://www.wikidata.org/entity/Q329426,Danone,кофе,27619000000,2023,евро,100000,2023,1672000000,2012,евро
http://www.wikidata.org/entity/Q329426,Danone,кофе,27619000000,2023,евро,100000,2023,1956000000,2020,евро
http://www.wikidata.org/entity/Q329426,Danone,кофе,27619000000,2023,евро,100000,2023,2453000000,2017,евро
http://www.wikidata.org/entity/Q329426,Danone,кофе,27619000000,2023,евро,100000,2023,1282000000,2015,евро
http://www.wikidata.org/entity/Q329426,Danone,кофе,27619000000,2023,евро,100000,2023,1422000000,2013,евро
http://www.wikidata.org/entity/Q329426,Danone,кофе,27619000000,2023,евро,100000,2023,2349000000,2018,евро
http://www.wikidata.org/entity/Q329426,Danone,кофе,27619000000,2023,евро,100000,2023,1870000000,2010,евро
http://www.wikidata.org/entity/Q329426,Danone,кофе,27619000000,2023,евро,100000,2023,1671000000,2011,евро
http://www.wikidata.org/entity/Q329426,Danone,кофе,27619000000,2023,евро,100000,2023,132000000,2001,евро
http://www.wikidata.org/entity/Q329426,Danone,кофе,27619000000,2023,евро,100000,2023,449000000,2004,евро
http://www.wikidata.org/entity/Q329426,Danone,кофе,27619000000,2023,евро,100000,2023,1119000000,2014,евро
http://www.wikidata.org/entity/Q329426,Danone,кофе,27619000000,2023,евро,100000,2023,1283000000,2002,евро
http://www.wikidata.org/entity/Q329426,Danone,кофе,27619000000,2023,евро,100000,2023,839000000,2003,евро
http://www.wikidata.org/entity/Q329426,Danone,кофе,27619000000,2023,евро,100000,2023,881000000,2023,евро
http://www.wikidata.org/entity/Q329426,Danone,кофе,27619000000,2023,евро,100000,2023,1361000000,2009,евро
http://www.wikidata.org/entity/Q329426,Danone,кофе,27619000000,2023,евро,100000,2023,1313000000,2008,евро
http://www.wikidata.org/entity/Q329426,Danone,кофе,27619000000,2023,евро,100000,2023,721000000,2000,евро
http://www.wikidata.org/entity/Q329426,Danone,кофе,27619000000,2023,евро,98105,2021,1720000000,2016,евро
http://www.wikidata.org/entity/Q329426,Danone,кофе,27619000000,2023,евро,98105,2021,959000000,2022,евро
http://www.wikidata.org/entity/Q329426,Danone,кофе,27619000000,2023,евро,98105,2021,1353000000,2006,евро
http://www.wikidata.org/entity/Q329426,Danone,кофе,27619000000,2023,евро,98105,2021,1924000000,2021,евро
http://www.wikidata.org/entity/Q329426,Danone,кофе,27619000000,2023,евро,98105,2021,1929000000,2019,евро
http://www.wikidata.org/entity/Q329426,Danone,кофе,27619000000,2023,евро,98105,2021,1464000000,2005,евро
http://www.wikidata.org/entity/Q329426,Danone,кофе,27619000000,2023,евро,98105,2021,4180000000,2007,евро
http://www.wikidata.org/entity/Q329426,Danone,кофе,27619000000,2023,евро,98105,2021,1672000000,2012,евро
http://www.wikidata.org/entity/Q329426,Danone,кофе,27619000000,2023,евро,98105,2021,1956000000,2020,евро
http://www.wikidata.org/entity/Q329426,Danone,кофе,27619000000,2023,евро,98105,2021,2453000000,2017,евро
http://www.wikidata.org/entity/Q329426,Danone,кофе,27619000000,2023,евро,98105,2021,1282000000,2015,евро
http://www.wikidata.org/entity/Q329426,Danone,кофе,27619000000,2023,евро,98105,2021,1422000000,2013,евро
http://www.wikidata.org/entity/Q329426,Danone,кофе,27619000000,2023,евро,98105,2021,2349000000,2018,евро
http://www.wikidata.org/entity/Q329426,Danone,кофе,27619000000,2023,евро,98105,2021,1870000000,2010,евро
http://www.wikidata.org/entity/Q329426,Danone,кофе,27619000000,2023,евро,98105,2021,1671000000,2011,евро
http://www.wikidata.org/entity/Q329426,Danone,кофе,27619000000,2023,евро,98105,2021,132000000,2001,евро
http://www.wikidata.org/entity/Q329426,Danone,кофе,27619000000,2023,евро,98105,2021,449000000,2004,евро
http://www.wikidata.org/entity/Q329426,Danone,кофе,27619000000,2023,евро,98105,2021,1119000000,2014,евро
http://www.wikidata.org/entity/Q329426,Danone,кофе,27619000000,2023,евро,98105,2021,1283000000,2002,евро
http://www.wikidata.org/entity/Q329426,Danone,кофе,27619000000,2023,евро,98105,2021,839000000,2003,евро
http://www.wikidata.org/entity/Q329426,Danone,кофе,27619000000,2023,евро,98105,2021,881000000,2023,евро
http://www.wikidata.org/entity/Q329426,Danone,кофе,27619000000,2023,евро,98105,2021,1361000000,2009,евро
http://www.wikidata.org/entity/Q329426,Danone,кофе,27619000000,2023,евро,98105,2021,1313000000,2008,евро
http://www.wikidata.org/entity/Q329426,Danone,кофе,27619000000,2023,евро,98105,2021,721000000,2000,евро
http://www.wikidata.org/entity/Q329426,Danone,кофе,27619000000,2023,евро,101911,2020,1720000000,2016,евро
http://www.wikidata.org/entity/Q329426,Danone,кофе,27619000000,2023,евро,101911,2020,959000000,2022,евро
http://www.wikidata.org/entity/Q329426,Danone,кофе,27619000000,2023,евро,101911,2020,1353000000,2006,евро
http://www.wikidata.org/entity/Q329426,Danone,кофе,27619000000,2023,евро,101911,2020,1924000000,2021,евро
http://www.wikidata.org/entity/Q329426,Danone,кофе,27619000000,2023,евро,101911,2020,1929000000,2019,евро
http://www.wikidata.org/entity/Q329426,Danone,кофе,27619000000,2023,евро,101911,2020,1464000000,2005,евро
http://www.wikidata.org/entity/Q329426,Danone,кофе,27619000000,2023,евро,101911,2020,4180000000,2007,евро
http://www.wikidata.org/entity/Q329426,Danone,кофе,27619000000,2023,евро,101911,2020,1672000000,2012,евро
http://www.wikidata.org/entity/Q329426,Danone,кофе,27619000000,2023,евро,101911,2020,1956000000,2020,евро
http://www.wikidata.org/entity/Q329426,Danone,кофе,27619000000,2023,евро,101911,2020,2453000000,2017,евро
http://www.wikidata.org/entity/Q329426,Danone,кофе,27619000000,2023,евро,101911,2020,1282000000,2015,евро
http://www.wikidata.org/entity/Q329426,Danone,кофе,27619000000,2023,евро,101911,2020,1422000000,2013,евро
http://www.wikidata.org/entity/Q329426,Danone,кофе,27619000000,2023,евро,101911,2020,2349000000,2018,евро
http://www.wikidata.org/entity/Q329426,Danone,кофе,27619000000,2023,евро,101911,2020,1870000000,2010,евро
http://www.wikidata.org/entity/Q329426,Danone,кофе,27619000000,2023,евро,101911,2020,1671000000,2011,евро
http://www.wikidata.org/entity/Q329426,Danone,кофе,27619000000,2023,евро,101911,2020,132000000,2001,евро
http://www.wikidata.org/entity/Q329426,Danone,кофе,27619000000,2023,евро,101911,2020,449000000,2004,евро
http://www.wikidata.org/entity/Q329426,Danone,кофе,27619000000,2023,евро,101911,2020,1119000000,2014,евро
http://www.wikidata.org/entity/Q329426,Danone,кофе,27619000000,2023,евро,101911,2020,1283000000,2002,евро
http://www.wikidata.org/entity/Q329426,Danone,кофе,27619000000,2023,евро,101911,2020,839000000,2003,евро
http://www.wikidata.org/entity/Q329426,Danone,кофе,27619000000,2023,евро,101911,2020,881000000,2023,евро
http://www.wikidata.org/entity/Q329426,Danone,кофе,27619000000,2023,евро,101911,2020,1361000000,2009,евро
http://www.wikidata.org/entity/Q329426,Danone,кофе,27619000000,2023,евро,101911,2020,1313000000,2008,евро
http://www.wikidata.org/entity/Q329426,Danone,кофе,27619000000,2023,евро,101911,2020,721000000,2000,евро
http://www.wikidata.org/entity/Q329426,Danone,кофе,27619000000,2023,евро,100000,2023,1720000000,2016,евро
http://www.wikidata.org/entity/Q329426,Danone,кофе,27619000000,2023,евро,100000,2023,959000000,2022,евро
http://www.wikidata.org/entity/Q329426,Danone,кофе,27619000000,2023,евро,100000,2023,1353000000,2006,евро
http://www.wikidata.org/entity/Q329426,Danone,кофе,27619000000,2023,евро,100000,2023,1924000000,2021,евро
http://www.wikidata.org/entity/Q329426,Danone,кофе,24281000000,2021,евро,101911,2020,1720000000,2016,евро
http://www.wikidata.org/entity/Q329426,Danone,кофе,24281000000,2021,евро,101911,2020,959000000,2022,евро
http://www.wikidata.org/entity/Q329426,Danone,кофе,24281000000,2021,евро,101911,2020,1353000000,2006,евро
http://www.wikidata.org/entity/Q329426,Danone,кофе,24281000000,2021,евро,101911,2020,1924000000,2021,евро
http://www.wikidata.org/entity/Q329426,Danone,кофе,24281000000,2021,евро,101911,2020,1929000000,2019,евро
http://www.wikidata.org/entity/Q329426,Danone,кофе,24281000000,2021,евро,101911,2020,1464000000,2005,евро
http://www.wikidata.org/entity/Q329426,Danone,кофе,24281000000,2021,евро,101911,2020,4180000000,2007,евро
http://www.wikidata.org/entity/Q329426,Danone,кофе,24281000000,2021,евро,101911,2020,1672000000,2012,евро
http://www.wikidata.org/entity/Q329426,Danone,кофе,24281000000,2021,евро,101911,2020,1956000000,2020,евро
http://www.wikidata.org/entity/Q329426,Danone,кофе,24281000000,2021,евро,101911,2020,2453000000,2017,евро
http://www.wikidata.org/entity/Q329426,Danone,кофе,24281000000,2021,евро,101911,2020,1282000000,2015,евро
http://www.wikidata.org/entity/Q329426,Danone,кофе,24281000000,2021,евро,101911,2020,1422000000,2013,евро
http://www.wikidata.org/entity/Q329426,Danone,кофе,24281000000,2021,евро,101911,2020,2349000000,2018,евро
http://www.wikidata.org/entity/Q329426,Danone,кофе,24281000000,2021,евро,101911,2020,1870000000,2010,евро
http://www.wikidata.org/entity/Q329426,Danone,кофе,24281000000,2021,евро,101911,2020,1671000000,2011,евро
http://www.wikidata.org/entity/Q329426,Danone,кофе,24281000000,2021,евро,101911,2020,132000000,2001,евро
http://www.wikidata.org/entity/Q329426,Danone,кофе,24281000000,2021,евро,101911,2020,449000000,2004,евро
http://www.wikidata.org/entity/Q329426,Danone,кофе,24281000000,2021,евро,101911,2020,1119000000,2014,евро
http://www.wikidata.org/entity/Q329426,Danone,кофе,24281000000,2021,евро,101911,2020,1283000000,2002,евро
http://www.wikidata.org/entity/Q329426,Danone,кофе,24281000000,2021,евро,101911,2020,839000000,2003,евро
http://www.wikidata.org/entity/Q329426,Danone,кофе,24281000000,2021,евро,101911,2020,881000000,2023,евро
http://www.wikidata.org/entity/Q329426,Danone,кофе,24281000000,2021,евро,101911,2020,1361000000,2009,евро
http://www.wikidata.org/entity/Q329426,Danone,кофе,24281000000,2021,евро,101911,2020,1313000000,2008,евро
http://www.wikidata.org/entity/Q329426,Danone,кофе,24281000000,2021,евро,101911,2020,721000000,2000,евро
http://www.wikidata.org/entity/Q329426,Danone,кофе,24281000000,2021,евро,100000,2023,1720000000,2016,евро
http://www.wikidata.org/entity/Q329426,Danone,кофе,24281000000,2021,евро,100000,2023,959000000,2022,евро
http://www.wikidata.org/entity/Q329426,Danone,кофе,24281000000,2021,евро,100000,2023,1353000000,2006,евро
http://www.wikidata.org/entity/Q329426,Danone,кофе,24281000000,2021,евро,100000,2023,1924000000,2021,евро
http://www.wikidata.org/entity/Q329426,Danone,кофе,24281000000,2021,евро,100000,2023,1929000000,2019,евро
http://www.wikidata.org/entity/Q329426,Danone,кофе,24281000000,2021,евро,100000,2023,1464000000,2005,евро
http://www.wikidata.org/entity/Q329426,Danone,кофе,24281000000,2021,евро,100000,2023,4180000000,2007,евро
http://www.wikidata.org/entity/Q329426,Danone,кофе,24281000000,2021,евро,100000,2023,1672000000,2012,евро
http://www.wikidata.org/entity/Q329426,Danone,кофе,24281000000,2021,евро,100000,2023,1956000000,2020,евро
http://www.wikidata.org/entity/Q329426,Danone,кофе,24281000000,2021,евро,100000,2023,2453000000,2017,евро
http://www.wikidata.org/entity/Q329426,Danone,кофе,24281000000,2021,евро,100000,2023,1282000000,2015,евро
http://www.wikidata.org/entity/Q329426,Danone,кофе,24281000000,2021,евро,100000,2023,1422000000,2013,евро
http://www.wikidata.org/entity/Q329426,Danone,кофе,24281000000,2021,евро,100000,2023,2349000000,2018,евро
http://www.wikidata.org/entity/Q329426,Danone,кофе,24281000000,2021,евро,100000,2023,1870000000,2010,евро
http://www.wikidata.org/entity/Q329426,Danone,кофе,24281000000,2021,евро,100000,2023,1671000000,2011,евро
http://www.wikidata.org/entity/Q329426,Danone,кофе,24281000000,2021,евро,100000,2023,132000000,2001,евро
http://www.wikidata.org/entity/Q329426,Danone,кофе,24281000000,2021,евро,100000,2023,449000000,2004,евро
http://www.wikidata.org/entity/Q329426,Danone,кофе,24281000000,2021,евро,100000,2023,1119000000,2014,евро
http://www.wikidata.org/entity/Q329426,Danone,кофе,24281000000,2021,евро,100000,2023,1283000000,2002,евро
http://www.wikidata.org/entity/Q329426,Danone,кофе,24281000000,2021,евро,100000,2023,839000000,2003,евро
http://www.wikidata.org/entity/Q329426,Danone,кофе,24281000000,2021,евро,100000,2023,881000000,2023,евро
http://www.wikidata.org/entity/Q329426,Danone,кофе,24281000000,2021,евро,100000,2023,1361000000,2009,евро
http://www.wikidata.org/entity/Q329426,Danone,кофе,24281000000,2021,евро,100000,2023,1313000000,2008,евро
http://www.wikidata.org/entity/Q329426,Danone,кофе,24281000000,2021,евро,100000,2023,721000000,2000,евро
http://www.wikidata.org/entity/Q329426,Danone,кофе,24281000000,2021,евро,98105,2021,1720000000,2016,евро
http://www.wikidata.org/entity/Q329426,Danone,кофе,24281000000,2021,евро,98105,2021,959000000,2022,евро
http://www.wikidata.org/entity/Q329426,Danone,кофе,24281000000,2021,евро,98105,2021,1353000000,2006,евро
http://www.wikidata.org/entity/Q329426,Danone,кофе,24281000000,2021,евро,98105,2021,1924000000,2021,евро
http://www.wikidata.org/entity/Q329426,Danone,кофе,24281000000,2021,евро,98105,2021,1929000000,2019,евро
http://www.wikidata.org/entity/Q329426,Danone,кофе,24281000000,2021,евро,98105,2021,1464000000,2005,евро
http://www.wikidata.org/entity/Q329426,Danone,кофе,24281000000,2021,евро,98105,2021,4180000000,2007,евро
http://www.wikidata.org/entity/Q329426,Danone,кофе,24281000000,2021,евро,98105,2021,1672000000,2012,евро
http://www.wikidata.org/entity/Q329426,Danone,кофе,24281000000,2021,евро,98105,2021,1956000000,2020,евро
http://www.wikidata.org/entity/Q329426,Danone,кофе,24281000000,2021,евро,98105,2021,2453000000,2017,евро
http://www.wikidata.org/entity/Q329426,Danone,кофе,24281000000,2021,евро,98105,2021,1282000000,2015,евро
http://www.wikidata.org/entity/Q329426,Danone,кофе,24281000000,2021,евро,98105,2021,1422000000,2013,евро
http://www.wikidata.org/entity/Q329426,Danone,кофе,24281000000,2021,евро,98105,2021,2349000000,2018,евро
http://www.wikidata.org/entity/Q329426,Danone,кофе,24281000000,2021,евро,98105,2021,1870000000,2010,евро
http://www.wikidata.org/entity/Q329426,Danone,кофе,24281000000,2021,евро,98105,2021,1671000000,2011,евро
http://www.wikidata.org/entity/Q329426,Danone,кофе,24281000000,2021,евро,98105,2021,132000000,2001,евро
http://www.wikidata.org/entity/Q329426,Danone,кофе,24281000000,2021,евро,98105,2021,449000000,2004,евро
http://www.wikidata.org/entity/Q329426,Danone,кофе,24281000000,2021,евро,98105,2021,1119000000,2014,евро
http://www.wikidata.org/entity/Q329426,Danone,кофе,24281000000,2021,евро,98105,2021,1283000000,2002,евро
http://www.wikidata.org/entity/Q329426,Danone,кофе,24281000000,2021,евро,98105,2021,839000000,2003,евро
http://www.wikidata.org/entity/Q329426,Danone,кофе,24281000000,2021,евро,98105,2021,881000000,2023,евро
http://www.wikidata.org/entity/Q329426,Danone,кофе,24281000000,2021,евро,98105,2021,1361000000,2009,евро
http://www.wikidata.org/entity/Q329426,Danone,кофе,24281000000,2021,евро,98105,2021,1313000000,2008,евро
http://www.wikidata.org/entity/Q329426,Danone,кофе,24281000000,2021,евро,98105,2021,721000000,2000,евро
http://www.wikidata.org/entity/Q3541983,Tully's Coffee,кофе,,,,,,,,
http://www.wikidata.org/entity/Q3554415,Van Houtte,кофе,,,,,,,,
http://www.wikidata.org/entity/Q361836,Yogi Tea,чай,,,,,,,,
http://www.wikidata.org/entity/Q381188,AeroPress,кофе,,,,,,,,
http://www.wikidata.org/entity/Q4033598,Ahmad Tea,чай,,,,,,,,
http://www.wikidata.org/entity/Q4051716,Traveler’s Coffee,кофе,,,,,,,,
http://www.wikidata.org/entity/Q4051716,Traveler’s Coffee,чай,,,,,,,,
http://www.wikidata.org/entity/Q4260444,J.CO Donuts,кофе,,,,,,,,
http://www.wikidata.org/entity/Q4380233,Производство кофе на Филиппинах,кофе,,,,,,,,
http://www.wikidata.org/entity/Q46012677,Miko,кофе,289800000,2023,евро,1400,2024,,,
http://www.wikidata.org/entity/Q4795497,Aroma Café,кофе,,,,,,,,
http://www.wikidata.org/entity/Q48802134,T2,чай,,,,,,,,
http://www.wikidata.org/entity/Q48928838,Q48928838,чай,,,,,,,,
http://www.wikidata.org/entity/Q48928861,Q48928861,чай,,,,,,,,
http://www.wikidata.org/entity/Q4906821,Bigelow Tea Company,чай,,,,,,,,
http://www.wikidata.org/entity/Q4926090,Blenz Coffee,кофе,,,,,,,,
http://www.wikidata.org/entity/Q4928917,Blue Bottle Coffee Company,кофе,,,,,,,,
http://www.wikidata.org/entity/Q5001481,Bushell's,чай,,,,,,,,
http://www.wikidata.org/entity/Q5017191,Caffè Pascucci,кофе,,,,,,,,
http://www.wikidata.org/entity/Q5017193,Caffè Ritazza,кофе,,,,,,,,
http://www.wikidata.org/entity/Q5017199,Caffé Vita Coffee Roasting Company,кофе,,,,,,,,
http://www.wikidata.org/entity/Q5017235,Café Coffee Day,кофе,,,,20135,2019,,,
http://www.wikidata.org/entity/Q5017235,Café Coffee Day,чай,,,,20135,2019,,,
http://www.wikidata.org/entity/Q5017260,Café Rico,кофе,,,,,,,,
http://www.wikidata.org/entity/Q5017286,Cafédirect,кофе,,,,,,,,
http://www.wikidata.org/entity/Q5121803,Circus Drive-In,кофе,,,,,,,,
http://www.wikidata.org/entity/Q5121803,Circus Drive-In,чай,,,,,,,,
http://www.wikidata.org/entity/Q5140895,Coffee Beanery,кофе,,,,,,,,
http://www.wikidata.org/entity/Q5140923,Coffee Republic,кофе,,,,,,,,
http://www.wikidata.org/entity/Q5140932,Coffee Time,кофе,,,,,,,,
http://www.wikidata.org/entity/Q5288031,Dodwell & Co.,чай,,,,,,,,
http://www.wikidata.org/entity/Q5289995,Dôme,кофе,,,,,,,,
http://www.wikidata.org/entity/Q5296921,Donut King,кофе,,,,,,,,
http://www.wikidata.org/entity/Q5384122,Equal Exchange,кофе,,,,,,,,
http://www.wikidata.org/entity/Q5384123,Equal Exchange Trading,кофе,,,,,,,,
http://www.wikidata.org/entity/Q5399993,Establecimiento Las Marías,чай,,,,,,,,
http://www.wikidata.org/entity/Q543750,Lavazza,кофе,3100000000,2023,евро,3800,2017,68000000,2023,евро
http://www.wikidata.org/entity/Q543750,Lavazza,кофе,1473000000,2015,евро,3800,2017,68000000,2023,евро
http://www.wikidata.org/entity/Q5459945,Flocafé,кофе,,,,,,,,
http://www.wikidata.org/entity/Q55662627,Coffee Like,кофе,,,,,,,,
http://www.wikidata.org/entity/Q5581670,Gong Cha,чай,,,,,,,,
http://www.wikidata.org/entity/Q5582544,Good Earth Tea,чай,,,,,,,,
http://www.wikidata.org/entity/Q5612238,Grupo Nutresa,кофе,,,,,,,,
http://www.wikidata.org/entity/Q5637114,Hacienda Buena Vista,кофе,,,,,,,,
http://www.wikidata.org/entity/Q564213,Tchibo,кофе,3400000000,2015,евро,8300,2015,,,
http://www.wikidata.org/entity/Q564213,Tchibo,кофе,3400000000,2015,евро,12000,2015,,,
http://www.wikidata.org/entity/Q576340,Maspex,кофе,602000000,2018,евро,323,2018,7900000,2018,евро
http://www.wikidata.org/entity/Q576340,Maspex,чай,602000000,2018,евро,323,2018,7900000,2018,евро
http://www.wikidata.org/entity/Q5862430,Shirin Asal Food Industrial Group,кофе,,,,,,,,
http://www.wikidata.org/entity/Q59115692,Hildesheim,кофе,,,,,,,,
http://www.wikidata.org/entity/Q5929076,Hudsons Coffee,кофе,,,,,,,,
http://www.wikidata.org/entity/Q6021512,Çaykur,чай,,,,,,,,
http://www.wikidata.org/entity/Q60769840,Society Tea,чай,,,,,,,,
http://www.wikidata.org/entity/Q60867333,Coffee Island,кофе,,,,,,,,
http://www.wikidata.org/entity/Q608845,Costa Coffee,кофе,,,,17809,2022,,,
http://www.wikidata.org/entity/Q61302348,bootealicious,чай,,,,,,,,
http://www.wikidata.org/entity/Q61804826,Wild Bean Cafe,кофе,,,,,,,,
http://www.wikidata.org/entity/Q6350154,Kalahari Tea,чай,,,,,,,,
http://www.wikidata.org/entity/Q64005031,Black Rifle Coffee Company,кофе,,,,,,,,
http://www.wikidata.org/entity/Q64026737,Hacienda Lealtad,кофе,,,,,,,,
http://www.wikidata.org/entity/Q6435806,Kraft Foods Banbury,кофе,,,,,,,,
http://www.wikidata.org/entity/Q6485288,Кафе Ландвер (сеть кофеен),кофе,,,,,,,,
http://www.wikidata.org/entity/Q65154379,Dille & Kamille,чай,,,,,,,,
http://www.wikidata.org/entity/Q670154,Julius Meinl,кофе,,,,,,,,
http://www.wikidata.org/entity/Q6743380,Maliban Biscuit Manufactories Limited,чай,,,,,,,,
http://www.wikidata.org/entity/Q6844142,Mighty Leaf Tea,чай,,,,,,,,
http://www.wikidata.org/entity/Q6850057,Miko Coffee,кофе,,,,,,,,
http://www.wikidata.org/entity/Q6885821,mmmuffins,кофе,,,,,,,,
http://www.wikidata.org/entity/Q6932113,Mugg & Bean,кофе,,,,,,,,
http://www.wikidata.org/entity/Q6961371,Nambarrie,чай,,,,,,,,
http://www.wikidata.org/entity/Q700040,Остендская компания,чай,,,,,,,,
http://www.wikidata.org/entity/Q7069680,Numi Organic Tea,чай,,,,,,,,
http://www.wikidata.org/entity/Q7119454,PJ's Coffee,кофе,,,,,,,,
http://www.wikidata.org/entity/Q7230543,Port City Java,кофе,,,,,,,,
http://www.wikidata.org/entity/Q7260362,Punjana,чай,,,,,,,,
http://www.wikidata.org/entity/Q7374169,Royal Farms,кофе,,,,,,,,
http://www.wikidata.org/entity/Q7381313,Russell & Company,чай,,,,,,270000,,доллар США
http://www.wikidata.org/entity/Q7392718,SPoT Coffee,кофе,,,,,,,,
http://www.wikidata.org/entity/Q7403389,Salada tea,чай,,,,,,,,
http://www.wikidata.org/entity/Q7602918,Stash Tea Company,чай,,,,,,,,
http://www.wikidata.org/entity/Q766351,Tazo,чай,,,,,,,,
http://www.wikidata.org/entity/Q7691065,Tea Forté,чай,,,,,,,,
http://www.wikidata.org/entity/Q7726599,The Coffee Club,кофе,,,,,,,,
http://www.wikidata.org/entity/Q7735180,The Freaky Bean Coffee Company,кофе,,,,,,,,
http://www.wikidata.org/entity/Q7807011,Timothy's World Coffee,кофе,,,,,,,,
http://www.wikidata.org/entity/Q7887616,United Coffee,кофе,,,,,,,,
http://www.wikidata.org/entity/Q7937293,Vittoria Coffee,кофе,,,,,,,,
http://www.wikidata.org/entity/Q795386,Teavana,чай,,,,,,,,
http://www.wikidata.org/entity/Q795575,Diedrich Coffee,кофе,,,,,,,,
http://www.wikidata.org/entity/Q7996831,Whittard of Chelsea,кофе,,,,,,,,
http://www.wikidata.org/entity/Q83164,Британская Ост-Индская компания,чай,,,,,,,,
http://www.wikidata.org/entity/Q83437245,Bambu,кофе,,,,,,,,
http://www.wikidata.org/entity/Q83437245,Bambu,чай,,,,,,,,
http://www.wikidata.org/entity/Q847743,Dunkin’ Donuts,кофе,,,,,,,,
http://www.wikidata.org/entity/Q862180,Second Cup,кофе,,,,,,,,
http://www.wikidata.org/entity/Q874407,Lipton,чай,,,,,,,,
http://www.wikidata.org/entity/Q896100,Gepa The Fair Trade Company,кофе,,,,,,,,
http://www.wikidata.org/entity/Q913864,Mariage Frères,чай,30791000,2016,евро,,,,,
http://www.wikidata.org/entity/Q913864,Mariage Frères,чай,24830428,2014,евро,,,,,
http://www.wikidata.org/entity/Q9322755,Rosamonte,чай,,,,,,,,
http://www.wikidata.org/entity/Q93561941,Tuvunu,чай,,,,,,,,
http://www.wikidata.org/entity/Q944186,Kusmi Tea,чай,,,,,,,,
http://www.wikidata.org/entity/Q969999,illy,кофе,568000000,2022,евро,1230,2022,,,
http://www.wikidata.org/entity/Q37158,Starbucks,кофе,37184400000,2025,доллар США,191000,2014,945600000,2010,доллар США
http://www.wikidata.org/entity/Q37158,Starbucks,кофе,37184400000,2025,доллар США,191000,2014,672600000,2007,доллар США
http://www.wikidata.org/entity/Q37158,Starbucks,кофе,37184400000,2025,доллар США,191000,2014,4199300000,2021,доллар США
http://www.wikidata.org/entity/Q37158,Starbucks,кофе,37184400000,2025,доллар США,191000,2014,315500000,2008,доллар США
http://www.wikidata.org/entity/Q37158,Starbucks,кофе,37184400000,2025,доллар США,191000,2014,2817700000,2016,доллар США
http://www.wikidata.org/entity/Q37158,Starbucks,кофе,37184400000,2025,доллар США,191000,2014,2757400000,2015,доллар США
http://www.wikidata.org/entity/Q37158,Starbucks,кофе,37184400000,2025,доллар США,191000,2014,2068100000,2014,доллар США
http://www.wikidata.org/entity/Q37158,Starbucks,кофе,37184400000,2025,доллар США,191000,2014,928300000,2020,доллар США
http://www.wikidata.org/entity/Q37158,Starbucks,кофе,37184400000,2025,доллар США,191000,2014,1245700000,2011,доллар США
http://www.wikidata.org/entity/Q37158,Starbucks,кофе,37184400000,2025,доллар США,191000,2014,3599200000,2019,доллар США
http://www.wikidata.org/entity/Q37158,Starbucks,кофе,37184400000,2025,доллар США,191000,2014,3281600000,2022,доллар США
http://www.wikidata.org/entity/Q37158,Starbucks,кофе,37184400000,2025,доллар США,191000,2014,2884700000,2017,доллар США
http://www.wikidata.org/entity/Q37158,Starbucks,кофе,37184400000,2025,доллар США,191000,2014,8300000,2013,доллар США
http://www.wikidata.org/entity/Q37158,Starbucks,кофе,37184400000,2025,доллар США,191000,2014,1383800000,2012,доллар США
http://www.wikidata.org/entity/Q37158,Starbucks,кофе,37184400000,2025,доллар США,191000,2014,4518300000,2018,доллар США
http://www.wikidata.org/entity/Q37158,Starbucks,кофе,37184400000,2025,доллар США,191000,2014,390800000,2009,доллар США
http://www.wikidata.org/entity/Q37158,Starbucks,кофе,37184400000,2025,доллар США,191000,2014,4124500000,2023,доллар США
http://www.wikidata.org/entity/Q37158,Starbucks,кофе,37184400000,2025,доллар США,191000,2014,3760900000,2024,доллар США
http://www.wikidata.org/entity/Q37158,Starbucks,кофе,37184400000,2025,доллар США,191000,2014,1856400000,2025,доллар США
http://www.wikidata.org/entity/Q37158,Starbucks,кофе,37184400000,2025,доллар США,383000,2021,945600000,2010,доллар США
http://www.wikidata.org/entity/Q37158,Starbucks,кофе,37184400000,2025,доллар США,383000,2021,672600000,2007,доллар США
http://www.wikidata.org/entity/Q37158,Starbucks,кофе,37184400000,2025,доллар США,383000,2021,4199300000,2021,доллар США
http://www.wikidata.org/entity/Q37158,Starbucks,кофе,37184400000,2025,доллар США,383000,2021,315500000,2008,доллар США
http://www.wikidata.org/entity/Q37158,Starbucks,кофе,37184400000,2025,доллар США,383000,2021,2817700000,2016,доллар США
http://www.wikidata.org/entity/Q37158,Starbucks,кофе,37184400000,2025,доллар США,383000,2021,2757400000,2015,доллар США
http://www.wikidata.org/entity/Q37158,Starbucks,кофе,37184400000,2025,доллар США,383000,2021,2068100000,2014,доллар США
http://www.wikidata.org/entity/Q37158,Starbucks,кофе,37184400000,2025,доллар США,383000,2021,928300000,2020,доллар США
http://www.wikidata.org/entity/Q37158,Starbucks,кофе,37184400000,2025,доллар США,383000,2021,1245700000,2011,доллар США
http://www.wikidata.org/entity/Q37158,Starbucks,кофе,37184400000,2025,доллар США,383000,2021,3599200000,2019,доллар США
http://www.wikidata.org/entity/Q37158,Starbucks,кофе,37184400000,2025,доллар США,383000,2021,3281600000,2022,доллар США
http://www.wikidata.org/entity/Q37158,Starbucks,кофе,37184400000,2025,доллар США,383000,2021,2884700000,2017,доллар США
http://www.wikidata.org/entity/Q37158,Starbucks,кофе,37184400000,2025,доллар США,383000,2021,8300000,2013,доллар США
http://www.wikidata.org/entity/Q37158,Starbucks,кофе,37184400000,2025,доллар США,383000,2021,1383800000,2012,доллар США
http://www.wikidata.org/entity/Q37158,Starbucks,кофе,37184400000,2025,доллар США,383000,2021,4518300000,2018,доллар США
http://www.wikidata.org/entity/Q37158,Starbucks,кофе,37184400000,2025,доллар США,383000,2021,390800000,2009,доллар США
http://www.wikidata.org/entity/Q37158,Starbucks,кофе,37184400000,2025,доллар США,383000,2021,4124500000,2023,доллар США
http://www.wikidata.org/entity/Q37158,Starbucks,кофе,37184400000,2025,доллар США,383000,2021,3760900000,2024,доллар США
http://www.wikidata.org/entity/Q37158,Starbucks,кофе,37184400000,2025,доллар США,383000,2021,1856400000,2025,доллар США
http://www.wikidata.org/entity/Q37158,Starbucks,кофе,37184400000,2025,доллар США,245000,2016,945600000,2010,доллар США
http://www.wikidata.org/entity/Q37158,Starbucks,кофе,37184400000,2025,доллар США,245000,2016,672600000,2007,доллар США
http://www.wikidata.org/entity/Q37158,Starbucks,кофе,37184400000,2025,доллар США,245000,2016,4199300000,2021,доллар США
http://www.wikidata.org/entity/Q37158,Starbucks,кофе,37184400000,2025,доллар США,245000,2016,315500000,2008,доллар США
http://www.wikidata.org/entity/Q37158,Starbucks,кофе,37184400000,2025,доллар США,245000,2016,2817700000,2016,доллар США
http://www.wikidata.org/entity/Q37158,Starbucks,кофе,37184400000,2025,доллар США,245000,2016,2757400000,2015,доллар США
http://www.wikidata.org/entity/Q37158,Starbucks,кофе,37184400000,2025,доллар США,245000,2016,2068100000,2014,доллар США
http://www.wikidata.org/entity/Q37158,Starbucks,кофе,37184400000,2025,доллар США,245000,2016,928300000,2020,доллар США
http://www.wikidata.org/entity/Q37158,Starbucks,кофе,37184400000,2025,доллар США,245000,2016,1245700000,2011,доллар США
http://www.wikidata.org/entity/Q37158,Starbucks,кофе,37184400000,2025,доллар США,245000,2016,3599200000,2019,доллар США
http://www.wikidata.org/entity/Q37158,Starbucks,кофе,37184400000,2025,доллар США,245000,2016,3281600000,2022,доллар США
http://www.wikidata.org/entity/Q37158,Starbucks,кофе,37184400000,2025,доллар США,245000,2016,2884700000,2017,доллар США
http://www.wikidata.org/entity/Q37158,Starbucks,кофе,37184400000,2025,доллар США,245000,2016,8300000,2013,доллар США
http://www.wikidata.org/entity/Q37158,Starbucks,кофе,37184400000,2025,доллар США,245000,2016,1383800000,2012,доллар США
http://www.wikidata.org/entity/Q37158,Starbucks,кофе,37184400000,2025,доллар США,245000,2016,4518300000,2018,доллар США
http://www.wikidata.org/entity/Q37158,Starbucks,кофе,37184400000,2025,доллар США,245000,2016,390800000,2009,доллар США
http://www.wikidata.org/entity/Q37158,Starbucks,кофе,37184400000,2025,доллар США,245000,2016,4124500000,2023,доллар США
http://www.wikidata.org/entity/Q37158,Starbucks,кофе,37184400000,2025,доллар США,245000,2016,3760900000,2024,доллар США
http://www.wikidata.org/entity/Q37158,Starbucks,кофе,37184400000,2025,доллар США,245000,2016,1856400000,2025,доллар США
http://www.wikidata.org/entity/Q37158,Starbucks,кофе,36176200000,2024,доллар США,191000,2014,945600000,2010,доллар США
http://www.wikidata.org/entity/Q37158,Starbucks,кофе,36176200000,2024,доллар США,191000,2014,672600000,2007,доллар США
http://www.wikidata.org/entity/Q37158,Starbucks,кофе,36176200000,2024,доллар США,191000,2014,4199300000,2021,доллар США
http://www.wikidata.org/entity/Q37158,Starbucks,кофе,36176200000,2024,доллар США,191000,2014,315500000,2008,доллар США
http://www.wikidata.org/entity/Q37158,Starbucks,кофе,36176200000,2024,доллар США,191000,2014,2817700000,2016,доллар США
http://www.wikidata.org/entity/Q37158,Starbucks,кофе,36176200000,2024,доллар США,191000,2014,2757400000,2015,доллар США
http://www.wikidata.org/entity/Q37158,Starbucks,кофе,36176200000,2024,доллар США,191000,2014,2068100000,2014,доллар США
http://www.wikidata.org/entity/Q37158,Starbucks,кофе,36176200000,2024,доллар США,191000,2014,928300000,2020,доллар США
http://www.wikidata.org/entity/Q37158,Starbucks,кофе,36176200000,2024,доллар США,191000,2014,1245700000,2011,доллар США
http://www.wikidata.org/entity/Q37158,Starbucks,кофе,36176200000,2024,доллар США,191000,2014,3599200000,2019,доллар США
http://www.wikidata.org/entity/Q37158,Starbucks,кофе,36176200000,2024,доллар США,191000,2014,3281600000,2022,доллар США
http://www.wikidata.org/entity/Q37158,Starbucks,кофе,36176200000,2024,доллар США,191000,2014,2884700000,2017,доллар США
http://www.wikidata.org/entity/Q37158,Starbucks,кофе,36176200000,2024,доллар США,191000,2014,8300000,2013,доллар США
http://www.wikidata.org/entity/Q37158,Starbucks,кофе,36176200000,2024,доллар США,191000,2014,1383800000,2012,доллар США
http://www.wikidata.org/entity/Q37158,Starbucks,кофе,36176200000,2024,доллар США,191000,2014,4518300000,2018,доллар США
http://www.wikidata.org/entity/Q37158,Starbucks,кофе,36176200000,2024,доллар США,191000,2014,390800000,2009,доллар США
http://www.wikidata.org/entity/Q37158,Starbucks,кофе,36176200000,2024,доллар США,191000,2014,4124500000,2023,доллар США
http://www.wikidata.org/entity/Q37158,Starbucks,кофе,36176200000,2024,доллар США,191000,2014,3760900000,2024,доллар США
http://www.wikidata.org/entity/Q37158,Starbucks,кофе,36176200000,2024,доллар США,191000,2014,1856400000,2025,доллар США
http://www.wikidata.org/entity/Q37158,Starbucks,кофе,36176200000,2024,доллар США,383000,2021,945600000,2010,доллар США
http://www.wikidata.org/entity/Q37158,Starbucks,кофе,36176200000,2024,доллар США,383000,2021,672600000,2007,доллар США
http://www.wikidata.org/entity/Q37158,Starbucks,кофе,36176200000,2024,доллар США,383000,2021,4199300000,2021,доллар США
http://www.wikidata.org/entity/Q37158,Starbucks,кофе,36176200000,2024,доллар США,383000,2021,315500000,2008,доллар США
http://www.wikidata.org/entity/Q37158,Starbucks,кофе,36176200000,2024,доллар США,383000,2021,2817700000,2016,доллар США
http://www.wikidata.org/entity/Q37158,Starbucks,кофе,36176200000,2024,доллар США,383000,2021,2757400000,2015,доллар США
http://www.wikidata.org/entity/Q37158,Starbucks,кофе,36176200000,2024,доллар США,383000,2021,2068100000,2014,доллар США
http://www.wikidata.org/entity/Q37158,Starbucks,кофе,36176200000,2024,доллар США,383000,2021,928300000,2020,доллар США
http://www.wikidata.org/entity/Q37158,Starbucks,кофе,36176200000,2024,доллар США,383000,2021,1245700000,2011,доллар США
http://www.wikidata.org/entity/Q37158,Starbucks,кофе,36176200000,2024,доллар США,383000,2021,3599200000,2019,доллар США
http://www.wikidata.org/entity/Q37158,Starbucks,кофе,36176200000,2024,доллар США,383000,2021,3281600000,2022,доллар США
http://www.wikidata.org/entity/Q37158,Starbucks,кофе,36176200000,2024,доллар США,383000,2021,2884700000,2017,доллар США
http://www.wikidata.org/entity/Q37158,Starbucks,кофе,36176200000,2024,доллар США,383000,2021,8300000,2013,доллар США
http://www.wikidata.org/entity/Q37158,Starbucks,кофе,36176200000,2024,доллар США,383000,2021,1383800000,2012,доллар США
http://www.wikidata.org/entity/Q37158,Starbucks,кофе,36176200000,2024,доллар США,383000,2021,4518300000,2018,доллар США
http://www.wikidata.org/entity/Q37158,Starbucks,кофе,36176200000,2024,доллар США,383000,2021,390800000,2009,доллар США
http://www.wikidata.org/entity/Q37158,Starbucks,кофе,36176200000,2024,доллар США,383000,2021,4124500000,2023,доллар США
http://www.wikidata.org/entity/Q37158,Starbucks,кофе,36176200000,2024,доллар США,383000,2021,3760900000,2024,доллар США
http://www.wikidata.org/entity/Q37158,Starbucks,кофе,36176200000,2024,доллар США,383000,2021,1856400000,2025,доллар США
http://www.wikidata.org/entity/Q37158,Starbucks,кофе,36176200000,2024,доллар США,245000,2016,945600000,2010,доллар США
http://www.wikidata.org/entity/Q37158,Starbucks,кофе,36176200000,2024,доллар США,245000,2016,672600000,2007,доллар США
http://www.wikidata.org/entity/Q37158,Starbucks,кофе,36176200000,2024,доллар США,245000,2016,4199300000,2021,доллар США
http://www.wikidata.org/entity/Q37158,Starbucks,кофе,36176200000,2024,доллар США,245000,2016,315500000,2008,доллар США
http://www.wikidata.org/entity/Q37158,Starbucks,кофе,36176200000,2024,доллар США,245000,2016,2817700000,2016,доллар США
http://www.wikidata.org/entity/Q37158,Starbucks,кофе,36176200000,2024,доллар США,245000,2016,2757400000,2015,доллар США
http://www.wikidata.org/entity/Q37158,Starbucks,кофе,36176200000,2024,доллар США,245000,2016,2068100000,2014,доллар США
http://www.wikidata.org/entity/Q37158,Starbucks,кофе,36176200000,2024,доллар США,245000,2016,928300000,2020,доллар США
http://www.wikidata.org/entity/Q37158,Starbucks,кофе,36176200000,2024,доллар США,245000,2016,1245700000,2011,доллар США
http://www.wikidata.org/entity/Q37158,Starbucks,кофе,36176200000,2024,доллар США,245000,2016,3599200000,2019,доллар США
http://www.wikidata.org/entity/Q37158,Starbucks,кофе,36176200000,2024,доллар США,245000,2016,3281600000,2022,доллар США
http://www.wikidata.org/entity/Q37158,Starbucks,кофе,36176200000,2024,доллар США,245000,2016,2884700000,2017,доллар США
http://www.wikidata.org/entity/Q37158,Starbucks,кофе,36176200000,2024,доллар США,245000,2016,8300000,2013,доллар США
http://www.wikidata.org/entity/Q37158,Starbucks,кофе,36176200000,2024,доллар США,245000,2016,1383800000,2012,доллар США
http://www.wikidata.org/entity/Q37158,Starbucks,кофе,36176200000,2024,доллар США,245000,2016,4518300000,2018,доллар США
http://www.wikidata.org/entity/Q37158,Starbucks,кофе,36176200000,2024,доллар США,245000,2016,390800000,2009,доллар США
http://www.wikidata.org/entity/Q37158,Starbucks,кофе,36176200000,2024,доллар США,245000,2016,4124500000,2023,доллар США
http://www.wikidata.org/entity/Q37158,Starbucks,кофе,36176200000,2024,доллар США,245000,2016,3760900000,2024,доллар США
http://www.wikidata.org/entity/Q37158,Starbucks,кофе,36176200000,2024,доллар США,245000,2016,1856400000,2025,доллар США
http://www.wikidata.org/entity/Q37158,Starbucks,кофе,35975600000,2023,доллар США,191000,2014,945600000,2010,доллар США
http://www.wikidata.org/entity/Q37158,Starbucks,кофе,35975600000,2023,доллар США,191000,2014,672600000,2007,доллар США
http://www.wikidata.org/entity/Q37158,Starbucks,кофе,35975600000,2023,доллар США,191000,2014,4199300000,2021,доллар США
http://www.wikidata.org/entity/Q37158,Starbucks,кофе,35975600000,2023,доллар США,191000,2014,315500000,2008,доллар США
http://www.wikidata.org/entity/Q37158,Starbucks,кофе,35975600000,2023,доллар США,191000,2014,2817700000,2016,доллар США
http://www.wikidata.org/entity/Q37158,Starbucks,кофе,35975600000,2023,доллар США,191000,2014,2757400000,2015,доллар США
http://www.wikidata.org/entity/Q37158,Starbucks,кофе,35975600000,2023,доллар США,191000,2014,2068100000,2014,доллар США
http://www.wikidata.org/entity/Q37158,Starbucks,кофе,35975600000,2023,доллар США,191000,2014,928300000,2020,доллар США
http://www.wikidata.org/entity/Q37158,Starbucks,кофе,35975600000,2023,доллар США,191000,2014,1245700000,2011,доллар США
http://www.wikidata.org/entity/Q37158,Starbucks,кофе,35975600000,2023,доллар США,191000,2014,3599200000,2019,доллар США
http://www.wikidata.org/entity/Q37158,Starbucks,кофе,35975600000,2023,доллар США,191000,2014,3281600000,2022,доллар США
http://www.wikidata.org/entity/Q37158,Starbucks,кофе,35975600000,2023,доллар США,191000,2014,2884700000,2017,доллар США
http://www.wikidata.org/entity/Q37158,Starbucks,кофе,35975600000,2023,доллар США,191000,2014,8300000,2013,доллар США
http://www.wikidata.org/entity/Q37158,Starbucks,кофе,35975600000,2023,доллар США,191000,2014,1383800000,2012,доллар США
http://www.wikidata.org/entity/Q37158,Starbucks,кофе,35975600000,2023,доллар США,191000,2014,4518300000,2018,доллар США
http://www.wikidata.org/entity/Q37158,Starbucks,кофе,35975600000,2023,доллар США,191000,2014,390800000,2009,доллар США
http://www.wikidata.org/entity/Q37158,Starbucks,кофе,35975600000,2023,доллар США,191000,2014,4124500000,2023,доллар США
http://www.wikidata.org/entity/Q37158,Starbucks,кофе,35975600000,2023,доллар США,191000,2014,3760900000,2024,доллар США
http://www.wikidata.org/entity/Q37158,Starbucks,кофе,35975600000,2023,доллар США,191000,2014,1856400000,2025,доллар США
http://www.wikidata.org/entity/Q37158,Starbucks,кофе,35975600000,2023,доллар США,383000,2021,945600000,2010,доллар США
http://www.wikidata.org/entity/Q37158,Starbucks,кофе,35975600000,2023,доллар США,383000,2021,672600000,2007,доллар США
http://www.wikidata.org/entity/Q37158,Starbucks,кофе,35975600000,2023,доллар США,383000,2021,4199300000,2021,доллар США
http://www.wikidata.org/entity/Q37158,Starbucks,кофе,35975600000,2023,доллар США,383000,2021,315500000,2008,доллар США
http://www.wikidata.org/entity/Q37158,Starbucks,кофе,35975600000,2023,доллар США,383000,2021,2817700000,2016,доллар США
http://www.wikidata.org/entity/Q37158,Starbucks,кофе,35975600000,2023,доллар США,383000,2021,2757400000,2015,доллар США
http://www.wikidata.org/entity/Q37158,Starbucks,кофе,35975600000,2023,доллар США,383000,2021,2068100000,2014,доллар США
http://www.wikidata.org/entity/Q37158,Starbucks,кофе,35975600000,2023,доллар США,383000,2021,928300000,2020,доллар США
http://www.wikidata.org/entity/Q37158,Starbucks,кофе,35975600000,2023,доллар США,383000,2021,1245700000,2011,доллар США
http://www.wikidata.org/entity/Q37158,Starbucks,кофе,35975600000,2023,доллар США,383000,2021,3599200000,2019,доллар США
http://www.wikidata.org/entity/Q37158,Starbucks,кофе,35975600000,2023,доллар США,383000,2021,3281600000,2022,доллар США
http://www.wikidata.org/entity/Q37158,Starbucks,кофе,35975600000,2023,доллар США,383000,2021,2884700000,2017,доллар США
http://www.wikidata.org/entity/Q37158,Starbucks,кофе,35975600000,2023,доллар США,383000,2021,8300000,2013,доллар США
http://www.wikidata.org/entity/Q37158,Starbucks,кофе,35975600000,2023,доллар США,383000,2021,1383800000,2012,доллар США
http://www.wikidata.org/entity/Q37158,Starbucks,кофе,35975600000,2023,доллар США,383000,2021,4518300000,2018,доллар США
http://www.wikidata.org/entity/Q37158,Starbucks,кофе,35975600000,2023,доллар США,383000,2021,390800000,2009,доллар США
http://www.wikidata.org/entity/Q37158,Starbucks,кофе,35975600000,2023,доллар США,383000,2021,4124500000,2023,доллар США
http://www.wikidata.org/entity/Q37158,Starbucks,кофе,35975600000,2023,доллар США,383000,2021,3760900000,2024,доллар США
http://www.wikidata.org/entity/Q37158,Starbucks,кофе,35975600000,2023,доллар США,383000,2021,1856400000,2025,доллар США
http://www.wikidata.org/entity/Q37158,Starbucks,кофе,35975600000,2023,доллар США,245000,2016,945600000,2010,доллар США
http://www.wikidata.org/entity/Q37158,Starbucks,кофе,35975600000,2023,доллар США,245000,2016,672600000,2007,доллар США
http://www.wikidata.org/entity/Q37158,Starbucks,кофе,35975600000,2023,доллар США,245000,2016,4199300000,2021,доллар США
http://www.wikidata.org/entity/Q37158,Starbucks,кофе,35975600000,2023,доллар США,245000,2016,315500000,2008,доллар США
http://www.wikidata.org/entity/Q37158,Starbucks,кофе,35975600000,2023,доллар США,245000,2016,2817700000,2016,доллар США
http://www.wikidata.org/entity/Q37158,Starbucks,кофе,35975600000,2023,доллар США,245000,2016,2757400000,2015,доллар США
http://www.wikidata.org/entity/Q37158,Starbucks,кофе,35975600000,2023,доллар США,245000,2016,2068100000,2014,доллар США
http://www.wikidata.org/entity/Q37158,Starbucks,кофе,35975600000,2023,доллар США,245000,2016,928300000,2020,доллар США
http://www.wikidata.org/entity/Q37158,Starbucks,кофе,35975600000,2023,доллар США,245000,2016,1245700000,2011,доллар США
http://www.wikidata.org/entity/Q37158,Starbucks,кофе,35975600000,2023,доллар США,245000,2016,3599200000,2019,доллар США
http://www.wikidata.org/entity/Q37158,Starbucks,кофе,35975600000,2023,доллар США,245000,2016,3281600000,2022,доллар США
http://www.wikidata.org/entity/Q37158,Starbucks,кофе,35975600000,2023,доллар США,245000,2016,2884700000,2017,доллар США
http://www.wikidata.org/entity/Q37158,Starbucks,кофе,35975600000,2023,доллар США,245000,2016,8300000,2013,доллар США
http://www.wikidata.org/entity/Q37158,Starbucks,кофе,35975600000,2023,доллар США,245000,2016,1383800000,2012,доллар США
http://www.wikidata.org/entity/Q37158,Starbucks,кофе,35975600000,2023,доллар США,245000,2016,4518300000,2018,доллар США
http://www.wikidata.org/entity/Q37158,Starbucks,кофе,35975600000,2023,доллар США,245000,2016,390800000,2009,доллар США
http://www.wikidata.org/entity/Q37158,Starbucks,кофе,35975600000,2023,доллар США,245000,2016,4124500000,2023,доллар США
http://www.wikidata.org/entity/Q37158,Starbucks,кофе,35975600000,2023,доллар США,245000,2016,3760900000,2024,доллар США
http://www.wikidata.org/entity/Q37158,Starbucks,кофе,35975600000,2023,доллар США,245000,2016,1856400000,2025,доллар США
http://www.wikidata.org/entity/Q37158,Starbucks,кофе,32250300000,2022,доллар США,191000,2014,945600000,2010,доллар США
http://www.wikidata.org/entity/Q37158,Starbucks,кофе,32250300000,2022,доллар США,191000,2014,672600000,2007,доллар США
http://www.wikidata.org/entity/Q37158,Starbucks,кофе,32250300000,2022,доллар США,191000,2014,4199300000,2021,доллар США
http://www.wikidata.org/entity/Q37158,Starbucks,кофе,32250300000,2022,доллар США,191000,2014,315500000,2008,доллар США
http://www.wikidata.org/entity/Q37158,Starbucks,кофе,32250300000,2022,доллар США,191000,2014,2817700000,2016,доллар США
http://www.wikidata.org/entity/Q37158,Starbucks,кофе,32250300000,2022,доллар США,191000,2014,2757400000,2015,доллар США
http://www.wikidata.org/entity/Q37158,Starbucks,кофе,32250300000,2022,доллар США,191000,2014,2068100000,2014,доллар США
http://www.wikidata.org/entity/Q37158,Starbucks,кофе,32250300000,2022,доллар США,191000,2014,928300000,2020,доллар США
http://www.wikidata.org/entity/Q37158,Starbucks,кофе,32250300000,2022,доллар США,191000,2014,1245700000,2011,доллар США
http://www.wikidata.org/entity/Q37158,Starbucks,кофе,32250300000,2022,доллар США,191000,2014,3599200000,2019,доллар США
http://www.wikidata.org/entity/Q37158,Starbucks,кофе,32250300000,2022,доллар США,191000,2014,3281600000,2022,доллар США
http://www.wikidata.org/entity/Q37158,Starbucks,кофе,32250300000,2022,доллар США,191000,2014,2884700000,2017,доллар США
http://www.wikidata.org/entity/Q37158,Starbucks,кофе,32250300000,2022,доллар США,191000,2014,8300000,2013,доллар США
http://www.wikidata.org/entity/Q37158,Starbucks,кофе,32250300000,2022,доллар США,191000,2014,1383800000,2012,доллар США
http://www.wikidata.org/entity/Q37158,Starbucks,кофе,32250300000,2022,доллар США,191000,2014,4518300000,2018,доллар США
http://www.wikidata.org/entity/Q37158,Starbucks,кофе,32250300000,2022,доллар США,191000,2014,390800000,2009,доллар США
http://www.wikidata.org/entity/Q37158,Starbucks,кофе,32250300000,2022,доллар США,191000,2014,4124500000,2023,доллар США
http://www.wikidata.org/entity/Q37158,Starbucks,кофе,32250300000,2022,доллар США,191000,2014,3760900000,2024,доллар США
http://www.wikidata.org/entity/Q37158,Starbucks,кофе,32250300000,2022,доллар США,191000,2014,1856400000,2025,доллар США
http://www.wikidata.org/entity/Q37158,Starbucks,кофе,32250300000,2022,доллар США,383000,2021,945600000,2010,доллар США
http://www.wikidata.org/entity/Q37158,Starbucks,кофе,32250300000,2022,доллар США,383000,2021,672600000,2007,доллар США
http://www.wikidata.org/entity/Q37158,Starbucks,кофе,32250300000,2022,доллар США,383000,2021,4199300000,2021,доллар США
http://www.wikidata.org/entity/Q37158,Starbucks,кофе,32250300000,2022,доллар США,383000,2021,315500000,2008,доллар США
http://www.wikidata.org/entity/Q37158,Starbucks,кофе,32250300000,2022,доллар США,383000,2021,2817700000,2016,доллар США
http://www.wikidata.org/entity/Q37158,Starbucks,кофе,32250300000,2022,доллар США,383000,2021,2757400000,2015,доллар США
http://www.wikidata.org/entity/Q37158,Starbucks,кофе,32250300000,2022,доллар США,383000,2021,2068100000,2014,доллар США
http://www.wikidata.org/entity/Q37158,Starbucks,кофе,32250300000,2022,доллар США,383000,2021,928300000,2020,доллар США
http://www.wikidata.org/entity/Q37158,Starbucks,кофе,32250300000,2022,доллар США,383000,2021,1245700000,2011,доллар США
http://www.wikidata.org/entity/Q37158,Starbucks,кофе,32250300000,2022,доллар США,383000,2021,3599200000,2019,доллар США
http://www.wikidata.org/entity/Q37158,Starbucks,кофе,32250300000,2022,доллар США,383000,2021,3281600000,2022,доллар США
http://www.wikidata.org/entity/Q37158,Starbucks,кофе,32250300000,2022,доллар США,383000,2021,2884700000,2017,доллар США
http://www.wikidata.org/entity/Q37158,Starbucks,кофе,32250300000,2022,доллар США,383000,2021,8300000,2013,доллар США
http://www.wikidata.org/entity/Q37158,Starbucks,кофе,32250300000,2022,доллар США,383000,2021,1383800000,2012,доллар США
http://www.wikidata.org/entity/Q37158,Starbucks,кофе,32250300000,2022,доллар США,383000,2021,4518300000,2018,доллар США
http://www.wikidata.org/entity/Q37158,Starbucks,кофе,32250300000,2022,доллар США,383000,2021,390800000,2009,доллар США
http://www.wikidata.org/entity/Q37158,Starbucks,кофе,32250300000,2022,доллар США,383000,2021,4124500000,2023,доллар США
http://www.wikidata.org/entity/Q37158,Starbucks,кофе,32250300000,2022,доллар США,383000,2021,3760900000,2024,доллар США
http://www.wikidata.org/entity/Q37158,Starbucks,кофе,32250300000,2022,доллар США,383000,2021,1856400000,2025,доллар США
http://www.wikidata.org/entity/Q37158,Starbucks,кофе,32250300000,2022,доллар США,245000,2016,945600000,2010,доллар США
http://www.wikidata.org/entity/Q37158,Starbucks,кофе,32250300000,2022,доллар США,245000,2016,672600000,2007,доллар США
http://www.wikidata.org/entity/Q37158,Starbucks,кофе,32250300000,2022,доллар США,245000,2016,4199300000,2021,доллар США
http://www.wikidata.org/entity/Q37158,Starbucks,кофе,32250300000,2022,доллар США,245000,2016,315500000,2008,доллар США
http://www.wikidata.org/entity/Q37158,Starbucks,кофе,32250300000,2022,доллар США,245000,2016,2817700000,2016,доллар США
http://www.wikidata.org/entity/Q37158,Starbucks,кофе,32250300000,2022,доллар США,245000,2016,2757400000,2015,доллар США
http://www.wikidata.org/entity/Q37158,Starbucks,кофе,32250300000,2022,доллар США,245000,2016,2068100000,2014,доллар США
http://www.wikidata.org/entity/Q37158,Starbucks,кофе,32250300000,2022,доллар США,245000,2016,928300000,2020,доллар США
http://www.wikidata.org/entity/Q37158,Starbucks,кофе,32250300000,2022,доллар США,245000,2016,1245700000,2011,доллар США
http://www.wikidata.org/entity/Q37158,Starbucks,кофе,32250300000,2022,доллар США,245000,2016,3599200000,2019,доллар США
http://www.wikidata.org/entity/Q37158,Starbucks,кофе,32250300000,2022,доллар США,245000,2016,3281600000,2022,доллар США
http://www.wikidata.org/entity/Q37158,Starbucks,кофе,32250300000,2022,доллар США,245000,2016,2884700000,2017,доллар США
http://www.wikidata.org/entity/Q37158,Starbucks,кофе,32250300000,2022,доллар США,245000,2016,8300000,2013,доллар США
http://www.wikidata.org/entity/Q37158,Starbucks,кофе,32250300000,2022,доллар США,245000,2016,1383800000,2012,доллар США
http://www.wikidata.org/entity/Q37158,Starbucks,кофе,32250300000,2022,доллар США,245000,2016,4518300000,2018,доллар США
http://www.wikidata.org/entity/Q37158,Starbucks,кофе,32250300000,2022,доллар США,245000,2016,390800000,2009,доллар США
http://www.wikidata.org/entity/Q37158,Starbucks,кофе,32250300000,2022,доллар США,245000,2016,4124500000,2023,доллар США
http://www.wikidata.org/entity/Q37158,Starbucks,кофе,32250300000,2022,доллар США,245000,2016,3760900000,2024,доллар США
http://www.wikidata.org/entity/Q37158,Starbucks,кофе,32250300000,2022,доллар США,245000,2016,1856400000,2025,доллар США
http://www.wikidata.org/entity/Q37158,Starbucks,кофе,29060600000,2021,доллар США,191000,2014,945600000,2010,доллар США
http://www.wikidata.org/entity/Q37158,Starbucks,кофе,29060600000,2021,доллар США,191000,2014,672600000,2007,доллар США
http://www.wikidata.org/entity/Q37158,Starbucks,кофе,29060600000,2021,доллар США,191000,2014,4199300000,2021,доллар США
http://www.wikidata.org/entity/Q37158,Starbucks,кофе,29060600000,2021,доллар США,191000,2014,315500000,2008,доллар США
http://www.wikidata.org/entity/Q37158,Starbucks,кофе,29060600000,2021,доллар США,191000,2014,2817700000,2016,доллар США
http://www.wikidata.org/entity/Q37158,Starbucks,кофе,29060600000,2021,доллар США,191000,2014,2757400000,2015,доллар США
http://www.wikidata.org/entity/Q37158,Starbucks,кофе,29060600000,2021,доллар США,191000,2014,2068100000,2014,доллар США
http://www.wikidata.org/entity/Q37158,Starbucks,кофе,29060600000,2021,доллар США,191000,2014,928300000,2020,доллар США
http://www.wikidata.org/entity/Q37158,Starbucks,кофе,29060600000,2021,доллар США,191000,2014,1245700000,2011,доллар США
http://www.wikidata.org/entity/Q37158,Starbucks,кофе,29060600000,2021,доллар США,191000,2014,3599200000,2019,доллар США
http://www.wikidata.org/entity/Q37158,Starbucks,кофе,29060600000,2021,доллар США,191000,2014,3281600000,2022,доллар США
http://www.wikidata.org/entity/Q37158,Starbucks,кофе,29060600000,2021,доллар США,191000,2014,2884700000,2017,доллар США
http://www.wikidata.org/entity/Q37158,Starbucks,кофе,29060600000,2021,доллар США,191000,2014,8300000,2013,доллар США
http://www.wikidata.org/entity/Q37158,Starbucks,кофе,29060600000,2021,доллар США,191000,2014,1383800000,2012,доллар США
http://www.wikidata.org/entity/Q37158,Starbucks,кофе,29060600000,2021,доллар США,191000,2014,4518300000,2018,доллар США
http://www.wikidata.org/entity/Q37158,Starbucks,кофе,29060600000,2021,доллар США,191000,2014,390800000,2009,доллар США
http://www.wikidata.org/entity/Q37158,Starbucks,кофе,29060600000,2021,доллар США,191000,2014,4124500000,2023,доллар США
http://www.wikidata.org/entity/Q37158,Starbucks,кофе,29060600000,2021,доллар США,191000,2014,3760900000,2024,доллар США
http://www.wikidata.org/entity/Q37158,Starbucks,кофе,29060600000,2021,доллар США,191000,2014,1856400000,2025,доллар США
http://www.wikidata.org/entity/Q37158,Starbucks,кофе,29060600000,2021,доллар США,383000,2021,945600000,2010,доллар США
http://www.wikidata.org/entity/Q37158,Starbucks,кофе,29060600000,2021,доллар США,383000,2021,672600000,2007,доллар США
http://www.wikidata.org/entity/Q37158,Starbucks,кофе,29060600000,2021,доллар США,383000,2021,4199300000,2021,доллар США
http://www.wikidata.org/entity/Q37158,Starbucks,кофе,29060600000,2021,доллар США,383000,2021,315500000,2008,доллар США
http://www.wikidata.org/entity/Q37158,Starbucks,кофе,29060600000,2021,доллар США,383000,2021,2817700000,2016,доллар США
http://www.wikidata.org/entity/Q37158,Starbucks,кофе,29060600000,2021,доллар США,383000,2021,2757400000,2015,доллар США
http://www.wikidata.org/entity/Q37158,Starbucks,кофе,29060600000,2021,доллар США,383000,2021,2068100000,2014,доллар США
http://www.wikidata.org/entity/Q37158,Starbucks,кофе,29060600000,2021,доллар США,383000,2021,928300000,2020,доллар США
http://www.wikidata.org/entity/Q37158,Starbucks,кофе,29060600000,2021,доллар США,383000,2021,1245700000,2011,доллар США
http://www.wikidata.org/entity/Q37158,Starbucks,кофе,29060600000,2021,доллар США,383000,2021,3599200000,2019,доллар США
http://www.wikidata.org/entity/Q37158,Starbucks,кофе,29060600000,2021,доллар США,383000,2021,3281600000,2022,доллар США
http://www.wikidata.org/entity/Q37158,Starbucks,кофе,29060600000,2021,доллар США,383000,2021,2884700000,2017,доллар США
http://www.wikidata.org/entity/Q37158,Starbucks,кофе,29060600000,2021,доллар США,383000,2021,8300000,2013,доллар США
http://www.wikidata.org/entity/Q37158,Starbucks,кофе,29060600000,2021,доллар США,383000,2021,1383800000,2012,доллар США
http://www.wikidata.org/entity/Q37158,Starbucks,кофе,29060600000,2021,доллар США,383000,2021,4518300000,2018,доллар США
http://www.wikidata.org/entity/Q37158,Starbucks,кофе,29060600000,2021,доллар США,383000,2021,390800000,2009,доллар США
http://www.wikidata.org/entity/Q37158,Starbucks,кофе,29060600000,2021,доллар США,383000,2021,4124500000,2023,доллар США
http://www.wikidata.org/entity/Q37158,Starbucks,кофе,29060600000,2021,доллар США,383000,2021,3760900000,2024,доллар США
http://www.wikidata.org/entity/Q37158,Starbucks,кофе,29060600000,2021,доллар США,383000,2021,1856400000,2025,доллар США
http://www.wikidata.org/entity/Q37158,Starbucks,кофе,29060600000,2021,доллар США,245000,2016,945600000,2010,доллар США
http://www.wikidata.org/entity/Q37158,Starbucks,кофе,29060600000,2021,доллар США,245000,2016,672600000,2007,доллар США
http://www.wikidata.org/entity/Q37158,Starbucks,кофе,29060600000,2021,доллар США,245000,2016,4199300000,2021,доллар США
http://www.wikidata.org/entity/Q37158,Starbucks,кофе,29060600000,2021,доллар США,245000,2016,315500000,2008,доллар США
http://www.wikidata.org/entity/Q37158,Starbucks,кофе,29060600000,2021,доллар США,245000,2016,2817700000,2016,доллар США
http://www.wikidata.org/entity/Q37158,Starbucks,кофе,29060600000,2021,доллар США,245000,2016,2757400000,2015,доллар США
http://www.wikidata.org/entity/Q37158,Starbucks,кофе,29060600000,2021,доллар США,245000,2016,2068100000,2014,доллар США
http://www.wikidata.org/entity/Q37158,Starbucks,кофе,29060600000,2021,доллар США,245000,2016,928300000,2020,доллар США
http://www.wikidata.org/entity/Q37158,Starbucks,кофе,29060600000,2021,доллар США,245000,2016,1245700000,2011,доллар США
http://www.wikidata.org/entity/Q37158,Starbucks,кофе,29060600000,2021,доллар США,245000,2016,3599200000,2019,доллар США
http://www.wikidata.org/entity/Q37158,Starbucks,кофе,29060600000,2021,доллар США,245000,2016,3281600000,2022,доллар США
http://www.wikidata.org/entity/Q37158,Starbucks,кофе,29060600000,2021,доллар США,245000,2016,2884700000,2017,доллар США
http://www.wikidata.org/entity/Q37158,Starbucks,кофе,29060600000,2021,доллар США,245000,2016,8300000,2013,доллар США
http://www.wikidata.org/entity/Q37158,Starbucks,кофе,29060600000,2021,доллар США,245000,2016,1383800000,2012,доллар США
http://www.wikidata.org/entity/Q37158,Starbucks,кофе,29060600000,2021,доллар США,245000,2016,4518300000,2018,доллар США
http://www.wikidata.org/entity/Q37158,Starbucks,кофе,29060600000,2021,доллар США,245000,2016,390800000,2009,доллар США
http://www.wikidata.org/entity/Q37158,Starbucks,кофе,29060600000,2021,доллар США,245000,2016,4124500000,2023,доллар США
http://www.wikidata.org/entity/Q37158,Starbucks,кофе,29060600000,2021,доллар США,245000,2016,3760900000,2024,доллар США
http://www.wikidata.org/entity/Q37158,Starbucks,кофе,29060600000,2021,доллар США,245000,2016,1856400000,2025,доллар США
http://www.wikidata.org/entity/Q37158,Starbucks,кофе,26508600000,2019,доллар США,191000,2014,945600000,2010,доллар США
http://www.wikidata.org/entity/Q37158,Starbucks,кофе,26508600000,2019,доллар США,191000,2014,672600000,2007,доллар США
http://www.wikidata.org/entity/Q37158,Starbucks,кофе,26508600000,2019,доллар США,191000,2014,4199300000,2021,доллар США
http://www.wikidata.org/entity/Q37158,Starbucks,кофе,26508600000,2019,доллар США,191000,2014,315500000,2008,доллар США
http://www.wikidata.org/entity/Q37158,Starbucks,кофе,26508600000,2019,доллар США,191000,2014,2817700000,2016,доллар США
http://www.wikidata.org/entity/Q37158,Starbucks,кофе,26508600000,2019,доллар США,191000,2014,2757400000,2015,доллар США
http://www.wikidata.org/entity/Q37158,Starbucks,кофе,26508600000,2019,доллар США,191000,2014,2068100000,2014,доллар США
http://www.wikidata.org/entity/Q37158,Starbucks,кофе,26508600000,2019,доллар США,191000,2014,928300000,2020,доллар США
http://www.wikidata.org/entity/Q37158,Starbucks,кофе,26508600000,2019,доллар США,191000,2014,1245700000,2011,доллар США
http://www.wikidata.org/entity/Q37158,Starbucks,кофе,26508600000,2019,доллар США,191000,2014,3599200000,2019,доллар США
http://www.wikidata.org/entity/Q37158,Starbucks,кофе,26508600000,2019,доллар США,191000,2014,3281600000,2022,доллар США
http://www.wikidata.org/entity/Q37158,Starbucks,кофе,26508600000,2019,доллар США,191000,2014,2884700000,2017,доллар США
http://www.wikidata.org/entity/Q37158,Starbucks,кофе,26508600000,2019,доллар США,191000,2014,8300000,2013,доллар США
http://www.wikidata.org/entity/Q37158,Starbucks,кофе,26508600000,2019,доллар США,191000,2014,1383800000,2012,доллар США
http://www.wikidata.org/entity/Q37158,Starbucks,кофе,26508600000,2019,доллар США,191000,2014,4518300000,2018,доллар США
http://www.wikidata.org/entity/Q37158,Starbucks,кофе,26508600000,2019,доллар США,191000,2014,390800000,2009,доллар США
http://www.wikidata.org/entity/Q37158,Starbucks,кофе,26508600000,2019,доллар США,191000,2014,4124500000,2023,доллар США
http://www.wikidata.org/entity/Q37158,Starbucks,кофе,26508600000,2019,доллар США,191000,2014,3760900000,2024,доллар США
http://www.wikidata.org/entity/Q37158,Starbucks,кофе,26508600000,2019,доллар США,191000,2014,1856400000,2025,доллар США
http://www.wikidata.org/entity/Q37158,Starbucks,кофе,26508600000,2019,доллар США,383000,2021,945600000,2010,доллар США
http://www.wikidata.org/entity/Q37158,Starbucks,кофе,26508600000,2019,доллар США,383000,2021,672600000,2007,доллар США
http://www.wikidata.org/entity/Q37158,Starbucks,кофе,26508600000,2019,доллар США,383000,2021,4199300000,2021,доллар США
http://www.wikidata.org/entity/Q37158,Starbucks,кофе,26508600000,2019,доллар США,383000,2021,315500000,2008,доллар США
http://www.wikidata.org/entity/Q37158,Starbucks,кофе,26508600000,2019,доллар США,383000,2021,2817700000,2016,доллар США
http://www.wikidata.org/entity/Q37158,Starbucks,кофе,26508600000,2019,доллар США,383000,2021,2757400000,2015,доллар США
http://www.wikidata.org/entity/Q37158,Starbucks,кофе,26508600000,2019,доллар США,383000,2021,2068100000,2014,доллар США
http://www.wikidata.org/entity/Q37158,Starbucks,кофе,26508600000,2019,доллар США,383000,2021,928300000,2020,доллар США
http://www.wikidata.org/entity/Q37158,Starbucks,кофе,26508600000,2019,доллар США,383000,2021,1245700000,2011,доллар США
http://www.wikidata.org/entity/Q37158,Starbucks,кофе,26508600000,2019,доллар США,383000,2021,3599200000,2019,доллар США
http://www.wikidata.org/entity/Q37158,Starbucks,кофе,26508600000,2019,доллар США,383000,2021,3281600000,2022,доллар США
http://www.wikidata.org/entity/Q37158,Starbucks,кофе,26508600000,2019,доллар США,383000,2021,2884700000,2017,доллар США
http://www.wikidata.org/entity/Q37158,Starbucks,кофе,26508600000,2019,доллар США,383000,2021,8300000,2013,доллар США
http://www.wikidata.org/entity/Q37158,Starbucks,кофе,26508600000,2019,доллар США,383000,2021,1383800000,2012,доллар США
http://www.wikidata.org/entity/Q37158,Starbucks,кофе,26508600000,2019,доллар США,383000,2021,4518300000,2018,доллар США
http://www.wikidata.org/entity/Q37158,Starbucks,кофе,26508600000,2019,доллар США,383000,2021,390800000,2009,доллар США
http://www.wikidata.org/entity/Q37158,Starbucks,кофе,26508600000,2019,доллар США,383000,2021,4124500000,2023,доллар США
http://www.wikidata.org/entity/Q37158,Starbucks,кофе,26508600000,2019,доллар США,383000,2021,3760900000,2024,доллар США
http://www.wikidata.org/entity/Q37158,Starbucks,кофе,26508600000,2019,доллар США,383000,2021,1856400000,2025,доллар США
http://www.wikidata.org/entity/Q37158,Starbucks,кофе,26508600000,2019,доллар США,245000,2016,945600000,2010,доллар США
http://www.wikidata.org/entity/Q37158,Starbucks,кофе,26508600000,2019,доллар США,245000,2016,672600000,2007,доллар США
http://www.wikidata.org/entity/Q37158,Starbucks,кофе,26508600000,2019,доллар США,245000,2016,4199300000,2021,доллар США
http://www.wikidata.org/entity/Q37158,Starbucks,кофе,26508600000,2019,доллар США,245000,2016,315500000,2008,доллар США
http://www.wikidata.org/entity/Q37158,Starbucks,кофе,26508600000,2019,доллар США,245000,2016,2817700000,2016,доллар США
http://www.wikidata.org/entity/Q37158,Starbucks,кофе,26508600000,2019,доллар США,245000,2016,2757400000,2015,доллар США
http://www.wikidata.org/entity/Q37158,Starbucks,кофе,26508600000,2019,доллар США,245000,2016,2068100000,2014,доллар США
http://www.wikidata.org/entity/Q37158,Starbucks,кофе,26508600000,2019,доллар США,245000,2016,928300000,2020,доллар США
http://www.wikidata.org/entity/Q37158,Starbucks,кофе,26508600000,2019,доллар США,245000,2016,1245700000,2011,доллар США
http://www.wikidata.org/entity/Q37158,Starbucks,кофе,26508600000,2019,доллар США,245000,2016,3599200000,2019,доллар США
http://www.wikidata.org/entity/Q37158,Starbucks,кофе,26508600000,2019,доллар США,245000,2016,3281600000,2022,доллар США
http://www.wikidata.org/entity/Q37158,Starbucks,кофе,26508600000,2019,доллар США,245000,2016,2884700000,2017,доллар США
http://www.wikidata.org/entity/Q37158,Starbucks,кофе,26508600000,2019,доллар США,245000,2016,8300000,2013,доллар США
http://www.wikidata.org/entity/Q37158,Starbucks,кофе,26508600000,2019,доллар США,245000,2016,1383800000,2012,доллар США
http://www.wikidata.org/entity/Q37158,Starbucks,кофе,26508600000,2019,доллар США,245000,2016,4518300000,2018,доллар США
http://www.wikidata.org/entity/Q37158,Starbucks,кофе,26508600000,2019,доллар США,245000,2016,390800000,2009,доллар США
http://www.wikidata.org/entity/Q37158,Starbucks,кофе,26508600000,2019,доллар США,245000,2016,4124500000,2023,доллар США
http://www.wikidata.org/entity/Q37158,Starbucks,кофе,26508600000,2019,доллар США,245000,2016,3760900000,2024,доллар США
http://www.wikidata.org/entity/Q37158,Starbucks,кофе,26508600000,2019,доллар США,245000,2016,1856400000,2025,доллар США
http://www.wikidata.org/entity/Q37158,Starbucks,кофе,24719500000,2018,доллар США,191000,2014,945600000,2010,доллар США
http://www.wikidata.org/entity/Q37158,Starbucks,кофе,24719500000,2018,доллар США,191000,2014,672600000,2007,доллар США
http://www.wikidata.org/entity/Q37158,Starbucks,кофе,24719500000,2018,доллар США,191000,2014,4199300000,2021,доллар США
http://www.wikidata.org/entity/Q37158,Starbucks,кофе,24719500000,2018,доллар США,191000,2014,315500000,2008,доллар США
http://www.wikidata.org/entity/Q37158,Starbucks,кофе,24719500000,2018,доллар США,191000,2014,2817700000,2016,доллар США
http://www.wikidata.org/entity/Q37158,Starbucks,кофе,24719500000,2018,доллар США,191000,2014,2757400000,2015,доллар США
http://www.wikidata.org/entity/Q37158,Starbucks,кофе,24719500000,2018,доллар США,191000,2014,2068100000,2014,доллар США
http://www.wikidata.org/entity/Q37158,Starbucks,кофе,24719500000,2018,доллар США,191000,2014,928300000,2020,доллар США
http://www.wikidata.org/entity/Q37158,Starbucks,кофе,24719500000,2018,доллар США,191000,2014,1245700000,2011,доллар США
http://www.wikidata.org/entity/Q37158,Starbucks,кофе,24719500000,2018,доллар США,191000,2014,3599200000,2019,доллар США
http://www.wikidata.org/entity/Q37158,Starbucks,кофе,24719500000,2018,доллар США,191000,2014,3281600000,2022,доллар США
http://www.wikidata.org/entity/Q37158,Starbucks,кофе,24719500000,2018,доллар США,191000,2014,2884700000,2017,доллар США
http://www.wikidata.org/entity/Q37158,Starbucks,кофе,24719500000,2018,доллар США,191000,2014,8300000,2013,доллар США
http://www.wikidata.org/entity/Q37158,Starbucks,кофе,24719500000,2018,доллар США,191000,2014,1383800000,2012,доллар США
http://www.wikidata.org/entity/Q37158,Starbucks,кофе,24719500000,2018,доллар США,191000,2014,4518300000,2018,доллар США
http://www.wikidata.org/entity/Q37158,Starbucks,кофе,24719500000,2018,доллар США,191000,2014,390800000,2009,доллар США
http://www.wikidata.org/entity/Q37158,Starbucks,кофе,24719500000,2018,доллар США,191000,2014,4124500000,2023,доллар США
http://www.wikidata.org/entity/Q37158,Starbucks,кофе,24719500000,2018,доллар США,191000,2014,3760900000,2024,доллар США
http://www.wikidata.org/entity/Q37158,Starbucks,кофе,24719500000,2018,доллар США,191000,2014,1856400000,2025,доллар США
http://www.wikidata.org/entity/Q37158,Starbucks,кофе,24719500000,2018,доллар США,383000,2021,945600000,2010,доллар США
http://www.wikidata.org/entity/Q37158,Starbucks,кофе,24719500000,2018,доллар США,383000,2021,672600000,2007,доллар США
http://www.wikidata.org/entity/Q37158,Starbucks,кофе,24719500000,2018,доллар США,383000,2021,4199300000,2021,доллар США
http://www.wikidata.org/entity/Q37158,Starbucks,кофе,24719500000,2018,доллар США,383000,2021,315500000,2008,доллар США
http://www.wikidata.org/entity/Q37158,Starbucks,кофе,24719500000,2018,доллар США,383000,2021,2817700000,2016,доллар США
http://www.wikidata.org/entity/Q37158,Starbucks,кофе,24719500000,2018,доллар США,383000,2021,2757400000,2015,доллар США
http://www.wikidata.org/entity/Q37158,Starbucks,кофе,24719500000,2018,доллар США,383000,2021,2068100000,2014,доллар США
http://www.wikidata.org/entity/Q37158,Starbucks,кофе,24719500000,2018,доллар США,383000,2021,928300000,2020,доллар США
http://www.wikidata.org/entity/Q37158,Starbucks,кофе,24719500000,2018,доллар США,383000,2021,1245700000,2011,доллар США
http://www.wikidata.org/entity/Q37158,Starbucks,кофе,24719500000,2018,доллар США,383000,2021,3599200000,2019,доллар США
http://www.wikidata.org/entity/Q37158,Starbucks,кофе,24719500000,2018,доллар США,383000,2021,3281600000,2022,доллар США
http://www.wikidata.org/entity/Q37158,Starbucks,кофе,24719500000,2018,доллар США,383000,2021,2884700000,2017,доллар США
http://www.wikidata.org/entity/Q37158,Starbucks,кофе,24719500000,2018,доллар США,383000,2021,8300000,2013,доллар США
http://www.wikidata.org/entity/Q37158,Starbucks,кофе,24719500000,2018,доллар США,383000,2021,1383800000,2012,доллар США
http://www.wikidata.org/entity/Q37158,Starbucks,кофе,24719500000,2018,доллар США,383000,2021,4518300000,2018,доллар США
http://www.wikidata.org/entity/Q37158,Starbucks,кофе,24719500000,2018,доллар США,383000,2021,390800000,2009,доллар США
http://www.wikidata.org/entity/Q37158,Starbucks,кофе,24719500000,2018,доллар США,383000,2021,4124500000,2023,доллар США
http://www.wikidata.org/entity/Q37158,Starbucks,кофе,24719500000,2018,доллар США,383000,2021,3760900000,2024,доллар США
http://www.wikidata.org/entity/Q37158,Starbucks,кофе,24719500000,2018,доллар США,383000,2021,1856400000,2025,доллар США
http://www.wikidata.org/entity/Q37158,Starbucks,кофе,24719500000,2018,доллар США,245000,2016,945600000,2010,доллар США
http://www.wikidata.org/entity/Q37158,Starbucks,кофе,24719500000,2018,доллар США,245000,2016,672600000,2007,доллар США
http://www.wikidata.org/entity/Q37158,Starbucks,кофе,24719500000,2018,доллар США,245000,2016,4199300000,2021,доллар США
http://www.wikidata.org/entity/Q37158,Starbucks,кофе,24719500000,2018,доллар США,245000,2016,315500000,2008,доллар США
http://www.wikidata.org/entity/Q37158,Starbucks,кофе,24719500000,2018,доллар США,245000,2016,2817700000,2016,доллар США
http://www.wikidata.org/entity/Q37158,Starbucks,кофе,24719500000,2018,доллар США,245000,2016,2757400000,2015,доллар США
http://www.wikidata.org/entity/Q37158,Starbucks,кофе,24719500000,2018,доллар США,245000,2016,2068100000,2014,доллар США
http://www.wikidata.org/entity/Q37158,Starbucks,кофе,24719500000,2018,доллар США,245000,2016,928300000,2020,доллар США
http://www.wikidata.org/entity/Q37158,Starbucks,кофе,24719500000,2018,доллар США,245000,2016,1245700000,2011,доллар США
http://www.wikidata.org/entity/Q37158,Starbucks,кофе,24719500000,2018,доллар США,245000,2016,3599200000,2019,доллар США
http://www.wikidata.org/entity/Q37158,Starbucks,кофе,24719500000,2018,доллар США,245000,2016,3281600000,2022,доллар США
http://www.wikidata.org/entity/Q37158,Starbucks,кофе,24719500000,2018,доллар США,245000,2016,2884700000,2017,доллар США
http://www.wikidata.org/entity/Q37158,Starbucks,кофе,24719500000,2018,доллар США,245000,2016,8300000,2013,доллар США
http://www.wikidata.org/entity/Q37158,Starbucks,кофе,24719500000,2018,доллар США,245000,2016,1383800000,2012,доллар США
http://www.wikidata.org/entity/Q37158,Starbucks,кофе,24719500000,2018,доллар США,245000,2016,4518300000,2018,доллар США
http://www.wikidata.org/entity/Q37158,Starbucks,кофе,24719500000,2018,доллар США,245000,2016,390800000,2009,доллар США
http://www.wikidata.org/entity/Q37158,Starbucks,кофе,24719500000,2018,доллар США,245000,2016,4124500000,2023,доллар США
http://www.wikidata.org/entity/Q37158,Starbucks,кофе,24719500000,2018,доллар США,245000,2016,3760900000,2024,доллар США
http://www.wikidata.org/entity/Q37158,Starbucks,кофе,24719500000,2018,доллар США,245000,2016,1856400000,2025,доллар США
http://www.wikidata.org/entity/Q37158,Starbucks,кофе,23518000000,2020,доллар США,191000,2014,945600000,2010,доллар США
http://www.wikidata.org/entity/Q37158,Starbucks,кофе,23518000000,2020,доллар США,191000,2014,672600000,2007,доллар США
http://www.wikidata.org/entity/Q37158,Starbucks,кофе,23518000000,2020,доллар США,191000,2014,4199300000,2021,доллар США
http://www.wikidata.org/entity/Q37158,Starbucks,кофе,23518000000,2020,доллар США,191000,2014,315500000,2008,доллар США
http://www.wikidata.org/entity/Q37158,Starbucks,кофе,23518000000,2020,доллар США,191000,2014,2817700000,2016,доллар США
http://www.wikidata.org/entity/Q37158,Starbucks,кофе,23518000000,2020,доллар США,191000,2014,2757400000,2015,доллар США
http://www.wikidata.org/entity/Q37158,Starbucks,кофе,23518000000,2020,доллар США,191000,2014,2068100000,2014,доллар США
http://www.wikidata.org/entity/Q37158,Starbucks,кофе,23518000000,2020,доллар США,191000,2014,928300000,2020,доллар США
http://www.wikidata.org/entity/Q37158,Starbucks,кофе,23518000000,2020,доллар США,191000,2014,1245700000,2011,доллар США
http://www.wikidata.org/entity/Q37158,Starbucks,кофе,23518000000,2020,доллар США,191000,2014,3599200000,2019,доллар США
http://www.wikidata.org/entity/Q37158,Starbucks,кофе,23518000000,2020,доллар США,191000,2014,3281600000,2022,доллар США
http://www.wikidata.org/entity/Q37158,Starbucks,кофе,23518000000,2020,доллар США,191000,2014,2884700000,2017,доллар США
http://www.wikidata.org/entity/Q37158,Starbucks,кофе,23518000000,2020,доллар США,191000,2014,8300000,2013,доллар США
http://www.wikidata.org/entity/Q37158,Starbucks,кофе,23518000000,2020,доллар США,191000,2014,1383800000,2012,доллар США
http://www.wikidata.org/entity/Q37158,Starbucks,кофе,23518000000,2020,доллар США,191000,2014,4518300000,2018,доллар США
http://www.wikidata.org/entity/Q37158,Starbucks,кофе,23518000000,2020,доллар США,191000,2014,390800000,2009,доллар США
http://www.wikidata.org/entity/Q37158,Starbucks,кофе,23518000000,2020,доллар США,191000,2014,4124500000,2023,доллар США
http://www.wikidata.org/entity/Q37158,Starbucks,кофе,23518000000,2020,доллар США,191000,2014,3760900000,2024,доллар США
http://www.wikidata.org/entity/Q37158,Starbucks,кофе,23518000000,2020,доллар США,191000,2014,1856400000,2025,доллар США
http://www.wikidata.org/entity/Q37158,Starbucks,кофе,23518000000,2020,доллар США,383000,2021,945600000,2010,доллар США
http://www.wikidata.org/entity/Q37158,Starbucks,кофе,23518000000,2020,доллар США,383000,2021,672600000,2007,доллар США
http://www.wikidata.org/entity/Q37158,Starbucks,кофе,23518000000,2020,доллар США,383000,2021,4199300000,2021,доллар США
http://www.wikidata.org/entity/Q37158,Starbucks,кофе,23518000000,2020,доллар США,383000,2021,315500000,2008,доллар США
http://www.wikidata.org/entity/Q37158,Starbucks,кофе,23518000000,2020,доллар США,383000,2021,2817700000,2016,доллар США
http://www.wikidata.org/entity/Q37158,Starbucks,кофе,23518000000,2020,доллар США,383000,2021,2757400000,2015,доллар США
http://www.wikidata.org/entity/Q37158,Starbucks,кофе,23518000000,2020,доллар США,383000,2021,2068100000,2014,доллар США
http://www.wikidata.org/entity/Q37158,Starbucks,кофе,23518000000,2020,доллар США,383000,2021,928300000,2020,доллар США
http://www.wikidata.org/entity/Q37158,Starbucks,кофе,23518000000,2020,доллар США,383000,2021,1245700000,2011,доллар США
http://www.wikidata.org/entity/Q37158,Starbucks,кофе,23518000000,2020,доллар США,383000,2021,3599200000,2019,доллар США
http://www.wikidata.org/entity/Q37158,Starbucks,кофе,23518000000,2020,доллар США,383000,2021,3281600000,2022,доллар США
http://www.wikidata.org/entity/Q37158,Starbucks,кофе,23518000000,2020,доллар США,383000,2021,2884700000,2017,доллар США
http://www.wikidata.org/entity/Q37158,Starbucks,кофе,23518000000,2020,доллар США,383000,2021,8300000,2013,доллар США
http://www.wikidata.org/entity/Q37158,Starbucks,кофе,23518000000,2020,доллар США,383000,2021,1383800000,2012,доллар США
http://www.wikidata.org/entity/Q37158,Starbucks,кофе,23518000000,2020,доллар США,383000,2021,4518300000,2018,доллар США
http://www.wikidata.org/entity/Q37158,Starbucks,кофе,23518000000,2020,доллар США,383000,2021,390800000,2009,доллар США
http://www.wikidata.org/entity/Q37158,Starbucks,кофе,23518000000,2020,доллар США,383000,2021,4124500000,2023,доллар США
http://www.wikidata.org/entity/Q37158,Starbucks,кофе,23518000000,2020,доллар США,383000,2021,3760900000,2024,доллар США
http://www.wikidata.org/entity/Q37158,Starbucks,кофе,23518000000,2020,доллар США,383000,2021,1856400000,2025,доллар США
http://www.wikidata.org/entity/Q37158,Starbucks,кофе,23518000000,2020,доллар США,245000,2016,945600000,2010,доллар США
http://www.wikidata.org/entity/Q37158,Starbucks,кофе,23518000000,2020,доллар США,245000,2016,672600000,2007,доллар США
http://www.wikidata.org/entity/Q37158,Starbucks,кофе,23518000000,2020,доллар США,245000,2016,4199300000,2021,доллар США
http://www.wikidata.org/entity/Q37158,Starbucks,кофе,23518000000,2020,доллар США,245000,2016,315500000,2008,доллар США
http://www.wikidata.org/entity/Q37158,Starbucks,кофе,23518000000,2020,доллар США,245000,2016,2817700000,2016,доллар США
http://www.wikidata.org/entity/Q37158,Starbucks,кофе,23518000000,2020,доллар США,245000,2016,2757400000,2015,доллар США
http://www.wikidata.org/entity/Q37158,Starbucks,кофе,23518000000,2020,доллар США,245000,2016,2068100000,2014,доллар США
http://www.wikidata.org/entity/Q37158,Starbucks,кофе,23518000000,2020,доллар США,245000,2016,928300000,2020,доллар США
http://www.wikidata.org/entity/Q37158,Starbucks,кофе,23518000000,2020,доллар США,245000,2016,1245700000,2011,доллар США
http://www.wikidata.org/entity/Q37158,Starbucks,кофе,23518000000,2020,доллар США,245000,2016,3599200000,2019,доллар США
http://www.wikidata.org/entity/Q37158,Starbucks,кофе,23518000000,2020,доллар США,245000,2016,3281600000,2022,доллар США
http://www.wikidata.org/entity/Q37158,Starbucks,кофе,23518000000,2020,доллар США,245000,2016,2884700000,2017,доллар США
http://www.wikidata.org/entity/Q37158,Starbucks,кофе,23518000000,2020,доллар США,245000,2016,8300000,2013,доллар США
http://www.wikidata.org/entity/Q37158,Starbucks,кофе,23518000000,2020,доллар США,245000,2016,1383800000,2012,доллар США
http://www.wikidata.org/entity/Q37158,Starbucks,кофе,23518000000,2020,доллар США,245000,2016,4518300000,2018,доллар США
http://www.wikidata.org/entity/Q37158,Starbucks,кофе,23518000000,2020,доллар США,245000,2016,390800000,2009,доллар США
http://www.wikidata.org/entity/Q37158,Starbucks,кофе,23518000000,2020,доллар США,245000,2016,4124500000,2023,доллар США
http://www.wikidata.org/entity/Q37158,Starbucks,кофе,23518000000,2020,доллар США,245000,2016,3760900000,2024,доллар США
http://www.wikidata.org/entity/Q37158,Starbucks,кофе,23518000000,2020,доллар США,245000,2016,1856400000,2025,доллар США
http://www.wikidata.org/entity/Q37158,Starbucks,кофе,22386800000,2017,доллар США,191000,2014,945600000,2010,доллар США
http://www.wikidata.org/entity/Q37158,Starbucks,кофе,22386800000,2017,доллар США,191000,2014,672600000,2007,доллар США
http://www.wikidata.org/entity/Q37158,Starbucks,кофе,22386800000,2017,доллар США,191000,2014,4199300000,2021,доллар США
http://www.wikidata.org/entity/Q37158,Starbucks,кофе,22386800000,2017,доллар США,191000,2014,315500000,2008,доллар США
http://www.wikidata.org/entity/Q37158,Starbucks,кофе,22386800000,2017,доллар США,191000,2014,2817700000,2016,доллар США
http://www.wikidata.org/entity/Q37158,Starbucks,кофе,22386800000,2017,доллар США,191000,2014,2757400000,2015,доллар США
http://www.wikidata.org/entity/Q37158,Starbucks,кофе,22386800000,2017,доллар США,191000,2014,2068100000,2014,доллар США
http://www.wikidata.org/entity/Q37158,Starbucks,кофе,22386800000,2017,доллар США,191000,2014,928300000,2020,доллар США
http://www.wikidata.org/entity/Q37158,Starbucks,кофе,22386800000,2017,доллар США,191000,2014,1245700000,2011,доллар США
http://www.wikidata.org/entity/Q37158,Starbucks,кофе,22386800000,2017,доллар США,191000,2014,3599200000,2019,доллар США
http://www.wikidata.org/entity/Q37158,Starbucks,кофе,22386800000,2017,доллар США,191000,2014,3281600000,2022,доллар США
http://www.wikidata.org/entity/Q37158,Starbucks,кофе,22386800000,2017,доллар США,191000,2014,2884700000,2017,доллар США
http://www.wikidata.org/entity/Q37158,Starbucks,кофе,22386800000,2017,доллар США,191000,2014,8300000,2013,доллар США
http://www.wikidata.org/entity/Q37158,Starbucks,кофе,22386800000,2017,доллар США,191000,2014,1383800000,2012,доллар США
http://www.wikidata.org/entity/Q37158,Starbucks,кофе,22386800000,2017,доллар США,191000,2014,4518300000,2018,доллар США
http://www.wikidata.org/entity/Q37158,Starbucks,кофе,22386800000,2017,доллар США,191000,2014,390800000,2009,доллар США
http://www.wikidata.org/entity/Q37158,Starbucks,кофе,22386800000,2017,доллар США,191000,2014,4124500000,2023,доллар США
http://www.wikidata.org/entity/Q37158,Starbucks,кофе,22386800000,2017,доллар США,191000,2014,3760900000,2024,доллар США
http://www.wikidata.org/entity/Q37158,Starbucks,кофе,22386800000,2017,доллар США,191000,2014,1856400000,2025,доллар США
http://www.wikidata.org/entity/Q37158,Starbucks,кофе,22386800000,2017,доллар США,383000,2021,945600000,2010,доллар США
http://www.wikidata.org/entity/Q37158,Starbucks,кофе,22386800000,2017,доллар США,383000,2021,672600000,2007,доллар США
http://www.wikidata.org/entity/Q37158,Starbucks,кофе,22386800000,2017,доллар США,383000,2021,4199300000,2021,доллар США
http://www.wikidata.org/entity/Q37158,Starbucks,кофе,22386800000,2017,доллар США,383000,2021,315500000,2008,доллар США
http://www.wikidata.org/entity/Q37158,Starbucks,кофе,22386800000,2017,доллар США,383000,2021,2817700000,2016,доллар США
http://www.wikidata.org/entity/Q37158,Starbucks,кофе,22386800000,2017,доллар США,383000,2021,2757400000,2015,доллар США
http://www.wikidata.org/entity/Q37158,Starbucks,кофе,22386800000,2017,доллар США,383000,2021,2068100000,2014,доллар США
http://www.wikidata.org/entity/Q37158,Starbucks,кофе,22386800000,2017,доллар США,383000,2021,928300000,2020,доллар США
http://www.wikidata.org/entity/Q37158,Starbucks,кофе,22386800000,2017,доллар США,383000,2021,1245700000,2011,доллар США
http://www.wikidata.org/entity/Q37158,Starbucks,кофе,22386800000,2017,доллар США,383000,2021,3599200000,2019,доллар США
http://www.wikidata.org/entity/Q37158,Starbucks,кофе,22386800000,2017,доллар США,383000,2021,3281600000,2022,доллар США
http://www.wikidata.org/entity/Q37158,Starbucks,кофе,22386800000,2017,доллар США,383000,2021,2884700000,2017,доллар США
http://www.wikidata.org/entity/Q37158,Starbucks,кофе,22386800000,2017,доллар США,383000,2021,8300000,2013,доллар США
http://www.wikidata.org/entity/Q37158,Starbucks,кофе,22386800000,2017,доллар США,383000,2021,1383800000,2012,доллар США
http://www.wikidata.org/entity/Q37158,Starbucks,кофе,22386800000,2017,доллар США,383000,2021,4518300000,2018,доллар США
http://www.wikidata.org/entity/Q37158,Starbucks,кофе,22386800000,2017,доллар США,383000,2021,390800000,2009,доллар США
http://www.wikidata.org/entity/Q37158,Starbucks,кофе,22386800000,2017,доллар США,383000,2021,4124500000,2023,доллар США
http://www.wikidata.org/entity/Q37158,Starbucks,кофе,22386800000,2017,доллар США,383000,2021,3760900000,2024,доллар США
http://www.wikidata.org/entity/Q37158,Starbucks,кофе,22386800000,2017,доллар США,383000,2021,1856400000,2025,доллар США
http://www.wikidata.org/entity/Q37158,Starbucks,кофе,22386800000,2017,доллар США,245000,2016,945600000,2010,доллар США
http://www.wikidata.org/entity/Q37158,Starbucks,кофе,22386800000,2017,доллар США,245000,2016,672600000,2007,доллар США
http://www.wikidata.org/entity/Q37158,Starbucks,кофе,22386800000,2017,доллар США,245000,2016,4199300000,2021,доллар США
http://www.wikidata.org/entity/Q37158,Starbucks,кофе,22386800000,2017,доллар США,245000,2016,315500000,2008,доллар США
http://www.wikidata.org/entity/Q37158,Starbucks,кофе,22386800000,2017,доллар США,245000,2016,2817700000,2016,доллар США
http://www.wikidata.org/entity/Q37158,Starbucks,кофе,22386800000,2017,доллар США,245000,2016,2757400000,2015,доллар США
http://www.wikidata.org/entity/Q37158,Starbucks,кофе,22386800000,2017,доллар США,245000,2016,2068100000,2014,доллар США
http://www.wikidata.org/entity/Q37158,Starbucks,кофе,22386800000,2017,доллар США,245000,2016,928300000,2020,доллар США
http://www.wikidata.org/entity/Q37158,Starbucks,кофе,22386800000,2017,доллар США,245000,2016,1245700000,2011,доллар США
http://www.wikidata.org/entity/Q37158,Starbucks,кофе,22386800000,2017,доллар США,245000,2016,3599200000,2019,доллар США
http://www.wikidata.org/entity/Q37158,Starbucks,кофе,22386800000,2017,доллар США,245000,2016,3281600000,2022,доллар США
http://www.wikidata.org/entity/Q37158,Starbucks,кофе,22386800000,2017,доллар США,245000,2016,2884700000,2017,доллар США
http://www.wikidata.org/entity/Q37158,Starbucks,кофе,22386800000,2017,доллар США,245000,2016,8300000,2013,доллар США
http://www.wikidata.org/entity/Q37158,Starbucks,кофе,22386800000,2017,доллар США,245000,2016,1383800000,2012,доллар США
http://www.wikidata.org/entity/Q37158,Starbucks,кофе,22386800000,2017,доллар США,245000,2016,4518300000,2018,доллар США
http://www.wikidata.org/entity/Q37158,Starbucks,кофе,22386800000,2017,доллар США,245000,2016,390800000,2009,доллар США
http://www.wikidata.org/entity/Q37158,Starbucks,кофе,22386800000,2017,доллар США,245000,2016,4124500000,2023,доллар США
http://www.wikidata.org/entity/Q37158,Starbucks,кофе,22386800000,2017,доллар США,245000,2016,3760900000,2024,доллар США
http://www.wikidata.org/entity/Q37158,Starbucks,кофе,22386800000,2017,доллар США,245000,2016,1856400000,2025,доллар США
http://www.wikidata.org/entity/Q37158,Starbucks,кофе,19162700000,2015,доллар США,191000,2014,945600000,2010,доллар США
http://www.wikidata.org/entity/Q37158,Starbucks,кофе,19162700000,2015,доллар США,191000,2014,672600000,2007,доллар США
http://www.wikidata.org/entity/Q37158,Starbucks,кофе,19162700000,2015,доллар США,191000,2014,4199300000,2021,доллар США
http://www.wikidata.org/entity/Q37158,Starbucks,кофе,19162700000,2015,доллар США,191000,2014,315500000,2008,доллар США
http://www.wikidata.org/entity/Q37158,Starbucks,кофе,19162700000,2015,доллар США,191000,2014,2817700000,2016,доллар США
http://www.wikidata.org/entity/Q37158,Starbucks,кофе,19162700000,2015,доллар США,191000,2014,2757400000,2015,доллар США
http://www.wikidata.org/entity/Q37158,Starbucks,кофе,19162700000,2015,доллар США,191000,2014,2068100000,2014,доллар США
http://www.wikidata.org/entity/Q37158,Starbucks,кофе,19162700000,2015,доллар США,191000,2014,928300000,2020,доллар США
http://www.wikidata.org/entity/Q37158,Starbucks,кофе,19162700000,2015,доллар США,191000,2014,1245700000,2011,доллар США
http://www.wikidata.org/entity/Q37158,Starbucks,кофе,19162700000,2015,доллар США,191000,2014,3599200000,2019,доллар США
http://www.wikidata.org/entity/Q37158,Starbucks,кофе,19162700000,2015,доллар США,191000,2014,3281600000,2022,доллар США
http://www.wikidata.org/entity/Q37158,Starbucks,кофе,19162700000,2015,доллар США,191000,2014,2884700000,2017,доллар США
http://www.wikidata.org/entity/Q37158,Starbucks,кофе,19162700000,2015,доллар США,191000,2014,8300000,2013,доллар США
http://www.wikidata.org/entity/Q37158,Starbucks,кофе,19162700000,2015,доллар США,191000,2014,1383800000,2012,доллар США
http://www.wikidata.org/entity/Q37158,Starbucks,кофе,19162700000,2015,доллар США,191000,2014,4518300000,2018,доллар США
http://www.wikidata.org/entity/Q37158,Starbucks,кофе,19162700000,2015,доллар США,191000,2014,390800000,2009,доллар США
http://www.wikidata.org/entity/Q37158,Starbucks,кофе,19162700000,2015,доллар США,191000,2014,4124500000,2023,доллар США
http://www.wikidata.org/entity/Q37158,Starbucks,кофе,19162700000,2015,доллар США,191000,2014,3760900000,2024,доллар США
http://www.wikidata.org/entity/Q37158,Starbucks,кофе,19162700000,2015,доллар США,191000,2014,1856400000,2025,доллар США
http://www.wikidata.org/entity/Q37158,Starbucks,кофе,19162700000,2015,доллар США,383000,2021,945600000,2010,доллар США
http://www.wikidata.org/entity/Q37158,Starbucks,кофе,19162700000,2015,доллар США,383000,2021,672600000,2007,доллар США
http://www.wikidata.org/entity/Q37158,Starbucks,кофе,19162700000,2015,доллар США,383000,2021,4199300000,2021,доллар США
http://www.wikidata.org/entity/Q37158,Starbucks,кофе,19162700000,2015,доллар США,383000,2021,315500000,2008,доллар США
http://www.wikidata.org/entity/Q37158,Starbucks,кофе,19162700000,2015,доллар США,383000,2021,2817700000,2016,доллар США
http://www.wikidata.org/entity/Q37158,Starbucks,кофе,19162700000,2015,доллар США,383000,2021,2757400000,2015,доллар США
http://www.wikidata.org/entity/Q37158,Starbucks,кофе,19162700000,2015,доллар США,383000,2021,2068100000,2014,доллар США
http://www.wikidata.org/entity/Q37158,Starbucks,кофе,19162700000,2015,доллар США,383000,2021,928300000,2020,доллар США
http://www.wikidata.org/entity/Q37158,Starbucks,кофе,19162700000,2015,доллар США,383000,2021,1245700000,2011,доллар США
http://www.wikidata.org/entity/Q37158,Starbucks,кофе,19162700000,2015,доллар США,383000,2021,3599200000,2019,доллар США
http://www.wikidata.org/entity/Q37158,Starbucks,кофе,19162700000,2015,доллар США,383000,2021,3281600000,2022,доллар США
http://www.wikidata.org/entity/Q37158,Starbucks,кофе,19162700000,2015,доллар США,383000,2021,2884700000,2017,доллар США
http://www.wikidata.org/entity/Q37158,Starbucks,кофе,19162700000,2015,доллар США,383000,2021,8300000,2013,доллар США
http://www.wikidata.org/entity/Q37158,Starbucks,кофе,19162700000,2015,доллар США,383000,2021,1383800000,2012,доллар США
http://www.wikidata.org/entity/Q37158,Starbucks,кофе,19162700000,2015,доллар США,383000,2021,4518300000,2018,доллар США
http://www.wikidata.org/entity/Q37158,Starbucks,кофе,19162700000,2015,доллар США,383000,2021,390800000,2009,доллар США
http://www.wikidata.org/entity/Q37158,Starbucks,кофе,19162700000,2015,доллар США,383000,2021,4124500000,2023,доллар США
http://www.wikidata.org/entity/Q37158,Starbucks,кофе,19162700000,2015,доллар США,383000,2021,3760900000,2024,доллар США
http://www.wikidata.org/entity/Q37158,Starbucks,кофе,19162700000,2015,доллар США,383000,2021,1856400000,2025,доллар США
http://www.wikidata.org/entity/Q37158,Starbucks,кофе,19162700000,2015,доллар США,245000,2016,945600000,2010,доллар США
http://www.wikidata.org/entity/Q37158,Starbucks,кофе,19162700000,2015,доллар США,245000,2016,672600000,2007,доллар США
http://www.wikidata.org/entity/Q37158,Starbucks,кофе,19162700000,2015,доллар США,245000,2016,4199300000,2021,доллар США
http://www.wikidata.org/entity/Q37158,Starbucks,кофе,19162700000,2015,доллар США,245000,2016,315500000,2008,доллар США
http://www.wikidata.org/entity/Q37158,Starbucks,кофе,19162700000,2015,доллар США,245000,2016,2817700000,2016,доллар США
http://www.wikidata.org/entity/Q37158,Starbucks,кофе,19162700000,2015,доллар США,245000,2016,2757400000,2015,доллар США
http://www.wikidata.org/entity/Q37158,Starbucks,кофе,19162700000,2015,доллар США,245000,2016,2068100000,2014,доллар США
http://www.wikidata.org/entity/Q37158,Starbucks,кофе,19162700000,2015,доллар США,245000,2016,928300000,2020,доллар США
http://www.wikidata.org/entity/Q37158,Starbucks,кофе,19162700000,2015,доллар США,245000,2016,1245700000,2011,доллар США
http://www.wikidata.org/entity/Q37158,Starbucks,кофе,19162700000,2015,доллар США,245000,2016,3599200000,2019,доллар США
http://www.wikidata.org/entity/Q37158,Starbucks,кофе,19162700000,2015,доллар США,245000,2016,3281600000,2022,доллар США
http://www.wikidata.org/entity/Q37158,Starbucks,кофе,19162700000,2015,доллар США,245000,2016,2884700000,2017,доллар США
http://www.wikidata.org/entity/Q37158,Starbucks,кофе,19162700000,2015,доллар США,245000,2016,8300000,2013,доллар США
http://www.wikidata.org/entity/Q37158,Starbucks,кофе,19162700000,2015,доллар США,245000,2016,1383800000,2012,доллар США
http://www.wikidata.org/entity/Q37158,Starbucks,кофе,19162700000,2015,доллар США,245000,2016,4518300000,2018,доллар США
http://www.wikidata.org/entity/Q37158,Starbucks,кофе,19162700000,2015,доллар США,245000,2016,390800000,2009,доллар США
http://www.wikidata.org/entity/Q37158,Starbucks,кофе,19162700000,2015,доллар США,245000,2016,4124500000,2023,доллар США
http://www.wikidata.org/entity/Q37158,Starbucks,кофе,19162700000,2015,доллар США,245000,2016,3760900000,2024,доллар США
http://www.wikidata.org/entity/Q37158,Starbucks,кофе,19162700000,2015,доллар США,245000,2016,1856400000,2025,доллар США
http://www.wikidata.org/entity/Q37158,Starbucks,кофе,16447800000,2014,доллар США,191000,2014,945600000,2010,доллар США
http://www.wikidata.org/entity/Q37158,Starbucks,кофе,16447800000,2014,доллар США,191000,2014,672600000,2007,доллар США
http://www.wikidata.org/entity/Q37158,Starbucks,кофе,16447800000,2014,доллар США,191000,2014,4199300000,2021,доллар США
http://www.wikidata.org/entity/Q37158,Starbucks,кофе,16447800000,2014,доллар США,191000,2014,315500000,2008,доллар США
http://www.wikidata.org/entity/Q37158,Starbucks,кофе,16447800000,2014,доллар США,191000,2014,2817700000,2016,доллар США
http://www.wikidata.org/entity/Q37158,Starbucks,кофе,16447800000,2014,доллар США,191000,2014,2757400000,2015,доллар США
http://www.wikidata.org/entity/Q37158,Starbucks,кофе,16447800000,2014,доллар США,191000,2014,2068100000,2014,доллар США
http://www.wikidata.org/entity/Q37158,Starbucks,кофе,16447800000,2014,доллар США,191000,2014,928300000,2020,доллар США
http://www.wikidata.org/entity/Q37158,Starbucks,кофе,16447800000,2014,доллар США,191000,2014,1245700000,2011,доллар США
http://www.wikidata.org/entity/Q37158,Starbucks,кофе,16447800000,2014,доллар США,191000,2014,3599200000,2019,доллар США
http://www.wikidata.org/entity/Q37158,Starbucks,кофе,16447800000,2014,доллар США,191000,2014,3281600000,2022,доллар США
http://www.wikidata.org/entity/Q37158,Starbucks,кофе,16447800000,2014,доллар США,191000,2014,2884700000,2017,доллар США
http://www.wikidata.org/entity/Q37158,Starbucks,кофе,16447800000,2014,доллар США,191000,2014,8300000,2013,доллар США
http://www.wikidata.org/entity/Q37158,Starbucks,кофе,16447800000,2014,доллар США,191000,2014,1383800000,2012,доллар США
http://www.wikidata.org/entity/Q37158,Starbucks,кофе,16447800000,2014,доллар США,191000,2014,4518300000,2018,доллар США
http://www.wikidata.org/entity/Q37158,Starbucks,кофе,16447800000,2014,доллар США,191000,2014,390800000,2009,доллар США
http://www.wikidata.org/entity/Q37158,Starbucks,кофе,16447800000,2014,доллар США,191000,2014,4124500000,2023,доллар США
http://www.wikidata.org/entity/Q37158,Starbucks,кофе,16447800000,2014,доллар США,191000,2014,3760900000,2024,доллар США
http://www.wikidata.org/entity/Q37158,Starbucks,кофе,16447800000,2014,доллар США,191000,2014,1856400000,2025,доллар США
http://www.wikidata.org/entity/Q37158,Starbucks,кофе,16447800000,2014,доллар США,383000,2021,945600000,2010,доллар США
http://www.wikidata.org/entity/Q37158,Starbucks,кофе,16447800000,2014,доллар США,383000,2021,672600000,2007,доллар США
http://www.wikidata.org/entity/Q37158,Starbucks,кофе,16447800000,2014,доллар США,383000,2021,4199300000,2021,доллар США
http://www.wikidata.org/entity/Q37158,Starbucks,кофе,16447800000,2014,доллар США,383000,2021,315500000,2008,доллар США
http://www.wikidata.org/entity/Q37158,Starbucks,кофе,16447800000,2014,доллар США,383000,2021,2817700000,2016,доллар США
http://www.wikidata.org/entity/Q37158,Starbucks,кофе,16447800000,2014,доллар США,383000,2021,2757400000,2015,доллар США
http://www.wikidata.org/entity/Q37158,Starbucks,кофе,16447800000,2014,доллар США,383000,2021,2068100000,2014,доллар США
http://www.wikidata.org/entity/Q37158,Starbucks,кофе,16447800000,2014,доллар США,383000,2021,928300000,2020,доллар США
http://www.wikidata.org/entity/Q37158,Starbucks,кофе,16447800000,2014,доллар США,383000,2021,1245700000,2011,доллар США
http://www.wikidata.org/entity/Q37158,Starbucks,кофе,16447800000,2014,доллар США,383000,2021,3599200000,2019,доллар США
http://www.wikidata.org/entity/Q37158,Starbucks,кофе,16447800000,2014,доллар США,383000,2021,3281600000,2022,доллар США
http://www.wikidata.org/entity/Q37158,Starbucks,кофе,16447800000,2014,доллар США,383000,2021,2884700000,2017,доллар США
http://www.wikidata.org/entity/Q37158,Starbucks,кофе,16447800000,2014,доллар США,383000,2021,8300000,2013,доллар США
http://www.wikidata.org/entity/Q37158,Starbucks,кофе,16447800000,2014,доллар США,383000,2021,1383800000,2012,доллар США
http://www.wikidata.org/entity/Q37158,Starbucks,кофе,16447800000,2014,доллар США,383000,2021,4518300000,2018,доллар США
http://www.wikidata.org/entity/Q37158,Starbucks,кофе,16447800000,2014,доллар США,383000,2021,390800000,2009,доллар США
http://www.wikidata.org/entity/Q37158,Starbucks,кофе,16447800000,2014,доллар США,383000,2021,4124500000,2023,доллар США
http://www.wikidata.org/entity/Q37158,Starbucks,кофе,16447800000,2014,доллар США,383000,2021,3760900000,2024,доллар США
http://www.wikidata.org/entity/Q37158,Starbucks,кофе,16447800000,2014,доллар США,383000,2021,1856400000,2025,доллар США
http://www.wikidata.org/entity/Q37158,Starbucks,кофе,16447800000,2014,доллар США,245000,2016,945600000,2010,доллар США
http://www.wikidata.org/entity/Q37158,Starbucks,кофе,16447800000,2014,доллар США,245000,2016,672600000,2007,доллар США
http://www.wikidata.org/entity/Q37158,Starbucks,кофе,16447800000,2014,доллар США,245000,2016,4199300000,2021,доллар США
http://www.wikidata.org/entity/Q37158,Starbucks,кофе,16447800000,2014,доллар США,245000,2016,315500000,2008,доллар США
http://www.wikidata.org/entity/Q37158,Starbucks,кофе,16447800000,2014,доллар США,245000,2016,2817700000,2016,доллар США
http://www.wikidata.org/entity/Q37158,Starbucks,кофе,16447800000,2014,доллар США,245000,2016,2757400000,2015,доллар США
http://www.wikidata.org/entity/Q37158,Starbucks,кофе,16447800000,2014,доллар США,245000,2016,2068100000,2014,доллар США
http://www.wikidata.org/entity/Q37158,Starbucks,кофе,16447800000,2014,доллар США,245000,2016,928300000,2020,доллар США
http://www.wikidata.org/entity/Q37158,Starbucks,кофе,16447800000,2014,доллар США,245000,2016,1245700000,2011,доллар США
http://www.wikidata.org/entity/Q37158,Starbucks,кофе,16447800000,2014,доллар США,245000,2016,3599200000,2019,доллар США
http://www.wikidata.org/entity/Q37158,Starbucks,кофе,16447800000,2014,доллар США,245000,2016,3281600000,2022,доллар США
http://www.wikidata.org/entity/Q37158,Starbucks,кофе,16447800000,2014,доллар США,245000,2016,2884700000,2017,доллар США
http://www.wikidata.org/entity/Q37158,Starbucks,кофе,16447800000,2014,доллар США,245000,2016,8300000,2013,доллар США
http://www.wikidata.org/entity/Q37158,Starbucks,кофе,16447800000,2014,доллар США,245000,2016,1383800000,2012,доллар США
http://www.wikidata.org/entity/Q37158,Starbucks,кофе,16447800000,2014,доллар США,245000,2016,4518300000,2018,доллар США
http://www.wikidata.org/entity/Q37158,Starbucks,кофе,16447800000,2014,доллар США,245000,2016,390800000,2009,доллар США
http://www.wikidata.org/entity/Q37158,Starbucks,кофе,16447800000,2014,доллар США,245000,2016,4124500000,2023,доллар США
http://www.wikidata.org/entity/Q37158,Starbucks,кофе,16447800000,2014,доллар США,245000,2016,3760900000,2024,доллар США
http://www.wikidata.org/entity/Q37158,Starbucks,кофе,16447800000,2014,доллар США,245000,2016,1856400000,2025,доллар США
http://www.wikidata.org/entity/Q37158,Starbucks,кофе,14892200000,2013,доллар США,191000,2014,945600000,2010,доллар США
http://www.wikidata.org/entity/Q37158,Starbucks,кофе,14892200000,2013,доллар США,191000,2014,672600000,2007,доллар США
http://www.wikidata.org/entity/Q37158,Starbucks,кофе,14892200000,2013,доллар США,191000,2014,4199300000,2021,доллар США
http://www.wikidata.org/entity/Q37158,Starbucks,кофе,14892200000,2013,доллар США,191000,2014,315500000,2008,доллар США
http://www.wikidata.org/entity/Q37158,Starbucks,кофе,14892200000,2013,доллар США,191000,2014,2817700000,2016,доллар США
http://www.wikidata.org/entity/Q37158,Starbucks,кофе,14892200000,2013,доллар США,191000,2014,2757400000,2015,доллар США
http://www.wikidata.org/entity/Q37158,Starbucks,кофе,14892200000,2013,доллар США,191000,2014,2068100000,2014,доллар США
http://www.wikidata.org/entity/Q37158,Starbucks,кофе,14892200000,2013,доллар США,191000,2014,928300000,2020,доллар США
http://www.wikidata.org/entity/Q37158,Starbucks,кофе,14892200000,2013,доллар США,191000,2014,1245700000,2011,доллар США
http://www.wikidata.org/entity/Q37158,Starbucks,кофе,14892200000,2013,доллар США,191000,2014,3599200000,2019,доллар США
http://www.wikidata.org/entity/Q37158,Starbucks,кофе,14892200000,2013,доллар США,191000,2014,3281600000,2022,доллар США
http://www.wikidata.org/entity/Q37158,Starbucks,кофе,14892200000,2013,доллар США,191000,2014,2884700000,2017,доллар США
http://www.wikidata.org/entity/Q37158,Starbucks,кофе,14892200000,2013,доллар США,191000,2014,8300000,2013,доллар США
http://www.wikidata.org/entity/Q37158,Starbucks,кофе,14892200000,2013,доллар США,191000,2014,1383800000,2012,доллар США
http://www.wikidata.org/entity/Q37158,Starbucks,кофе,14892200000,2013,доллар США,191000,2014,4518300000,2018,доллар США
http://www.wikidata.org/entity/Q37158,Starbucks,кофе,14892200000,2013,доллар США,191000,2014,390800000,2009,доллар США
http://www.wikidata.org/entity/Q37158,Starbucks,кофе,14892200000,2013,доллар США,191000,2014,4124500000,2023,доллар США
http://www.wikidata.org/entity/Q37158,Starbucks,кофе,14892200000,2013,доллар США,191000,2014,3760900000,2024,доллар США
http://www.wikidata.org/entity/Q37158,Starbucks,кофе,14892200000,2013,доллар США,191000,2014,1856400000,2025,доллар США
http://www.wikidata.org/entity/Q37158,Starbucks,кофе,14892200000,2013,доллар США,383000,2021,945600000,2010,доллар США
http://www.wikidata.org/entity/Q37158,Starbucks,кофе,14892200000,2013,доллар США,383000,2021,672600000,2007,доллар США
http://www.wikidata.org/entity/Q37158,Starbucks,кофе,14892200000,2013,доллар США,383000,2021,4199300000,2021,доллар США
http://www.wikidata.org/entity/Q37158,Starbucks,кофе,14892200000,2013,доллар США,383000,2021,315500000,2008,доллар США
http://www.wikidata.org/entity/Q37158,Starbucks,кофе,14892200000,2013,доллар США,383000,2021,2817700000,2016,доллар США
http://www.wikidata.org/entity/Q37158,Starbucks,кофе,14892200000,2013,доллар США,383000,2021,2757400000,2015,доллар США
http://www.wikidata.org/entity/Q37158,Starbucks,кофе,14892200000,2013,доллар США,383000,2021,2068100000,2014,доллар США
http://www.wikidata.org/entity/Q37158,Starbucks,кофе,14892200000,2013,доллар США,383000,2021,928300000,2020,доллар США
http://www.wikidata.org/entity/Q37158,Starbucks,кофе,14892200000,2013,доллар США,383000,2021,1245700000,2011,доллар США
http://www.wikidata.org/entity/Q37158,Starbucks,кофе,14892200000,2013,доллар США,383000,2021,3599200000,2019,доллар США
http://www.wikidata.org/entity/Q37158,Starbucks,кофе,14892200000,2013,доллар США,383000,2021,3281600000,2022,доллар США
http://www.wikidata.org/entity/Q37158,Starbucks,кофе,14892200000,2013,доллар США,383000,2021,2884700000,2017,доллар США
http://www.wikidata.org/entity/Q37158,Starbucks,кофе,14892200000,2013,доллар США,383000,2021,8300000,2013,доллар США
http://www.wikidata.org/entity/Q37158,Starbucks,кофе,14892200000,2013,доллар США,383000,2021,1383800000,2012,доллар США
http://www.wikidata.org/entity/Q37158,Starbucks,кофе,14892200000,2013,доллар США,383000,2021,4518300000,2018,доллар США
http://www.wikidata.org/entity/Q37158,Starbucks,кофе,14892200000,2013,доллар США,383000,2021,390800000,2009,доллар США
http://www.wikidata.org/entity/Q37158,Starbucks,кофе,14892200000,2013,доллар США,383000,2021,4124500000,2023,доллар США
http://www.wikidata.org/entity/Q37158,Starbucks,кофе,14892200000,2013,доллар США,383000,2021,3760900000,2024,доллар США
http://www.wikidata.org/entity/Q37158,Starbucks,кофе,14892200000,2013,доллар США,383000,2021,1856400000,2025,доллар США
http://www.wikidata.org/entity/Q37158,Starbucks,кофе,14892200000,2013,доллар США,245000,2016,945600000,2010,доллар США
http://www.wikidata.org/entity/Q37158,Starbucks,кофе,14892200000,2013,доллар США,245000,2016,672600000,2007,доллар США
http://www.wikidata.org/entity/Q37158,Starbucks,кофе,14892200000,2013,доллар США,245000,2016,4199300000,2021,доллар США
http://www.wikidata.org/entity/Q37158,Starbucks,кофе,14892200000,2013,доллар США,245000,2016,315500000,2008,доллар США
http://www.wikidata.org/entity/Q37158,Starbucks,кофе,14892200000,2013,доллар США,245000,2016,2817700000,2016,доллар США
http://www.wikidata.org/entity/Q37158,Starbucks,кофе,14892200000,2013,доллар США,245000,2016,2757400000,2015,доллар США
http://www.wikidata.org/entity/Q37158,Starbucks,кофе,14892200000,2013,доллар США,245000,2016,2068100000,2014,доллар США
http://www.wikidata.org/entity/Q37158,Starbucks,кофе,14892200000,2013,доллар США,245000,2016,928300000,2020,доллар США
http://www.wikidata.org/entity/Q37158,Starbucks,кофе,14892200000,2013,доллар США,245000,2016,1245700000,2011,доллар США
http://www.wikidata.org/entity/Q37158,Starbucks,кофе,14892200000,2013,доллар США,245000,2016,3599200000,2019,доллар США
http://www.wikidata.org/entity/Q37158,Starbucks,кофе,14892200000,2013,доллар США,245000,2016,3281600000,2022,доллар США
http://www.wikidata.org/entity/Q37158,Starbucks,кофе,14892200000,2013,доллар США,245000,2016,2884700000,2017,доллар США
http://www.wikidata.org/entity/Q37158,Starbucks,кофе,14892200000,2013,доллар США,245000,2016,8300000,2013,доллар США
http://www.wikidata.org/entity/Q37158,Starbucks,кофе,14892200000,2013,доллар США,245000,2016,1383800000,2012,доллар США
http://www.wikidata.org/entity/Q37158,Starbucks,кофе,14892200000,2013,доллар США,245000,2016,4518300000,2018,доллар США
http://www.wikidata.org/entity/Q37158,Starbucks,кофе,14892200000,2013,доллар США,245000,2016,390800000,2009,доллар США
http://www.wikidata.org/entity/Q37158,Starbucks,кофе,14892200000,2013,доллар США,245000,2016,4124500000,2023,доллар США
http://www.wikidata.org/entity/Q37158,Starbucks,кофе,14892200000,2013,доллар США,245000,2016,3760900000,2024,доллар США
http://www.wikidata.org/entity/Q37158,Starbucks,кофе,14892200000,2013,доллар США,245000,2016,1856400000,2025,доллар США
http://www.wikidata.org/entity/Q37158,Starbucks,кофе,13299500000,2012,доллар США,191000,2014,945600000,2010,доллар США
http://www.wikidata.org/entity/Q37158,Starbucks,кофе,13299500000,2012,доллар США,191000,2014,672600000,2007,доллар США
http://www.wikidata.org/entity/Q37158,Starbucks,кофе,13299500000,2012,доллар США,191000,2014,4199300000,2021,доллар США
http://www.wikidata.org/entity/Q37158,Starbucks,кофе,13299500000,2012,доллар США,191000,2014,315500000,2008,доллар США
http://www.wikidata.org/entity/Q37158,Starbucks,кофе,13299500000,2012,доллар США,191000,2014,2817700000,2016,доллар США
http://www.wikidata.org/entity/Q37158,Starbucks,кофе,13299500000,2012,доллар США,191000,2014,2757400000,2015,доллар США
http://www.wikidata.org/entity/Q37158,Starbucks,кофе,13299500000,2012,доллар США,191000,2014,2068100000,2014,доллар США
http://www.wikidata.org/entity/Q37158,Starbucks,кофе,13299500000,2012,доллар США,191000,2014,928300000,2020,доллар США
http://www.wikidata.org/entity/Q37158,Starbucks,кофе,13299500000,2012,доллар США,191000,2014,1245700000,2011,доллар США
http://www.wikidata.org/entity/Q37158,Starbucks,кофе,13299500000,2012,доллар США,191000,2014,3599200000,2019,доллар США
http://www.wikidata.org/entity/Q37158,Starbucks,кофе,13299500000,2012,доллар США,191000,2014,3281600000,2022,доллар США
http://www.wikidata.org/entity/Q37158,Starbucks,кофе,13299500000,2012,доллар США,191000,2014,2884700000,2017,доллар США
http://www.wikidata.org/entity/Q37158,Starbucks,кофе,13299500000,2012,доллар США,191000,2014,8300000,2013,доллар США
http://www.wikidata.org/entity/Q37158,Starbucks,кофе,13299500000,2012,доллар США,191000,2014,1383800000,2012,доллар США
http://www.wikidata.org/entity/Q37158,Starbucks,кофе,13299500000,2012,доллар США,191000,2014,4518300000,2018,доллар США
http://www.wikidata.org/entity/Q37158,Starbucks,кофе,13299500000,2012,доллар США,191000,2014,390800000,2009,доллар США
http://www.wikidata.org/entity/Q37158,Starbucks,кофе,13299500000,2012,доллар США,191000,2014,4124500000,2023,доллар США
http://www.wikidata.org/entity/Q37158,Starbucks,кофе,13299500000,2012,доллар США,191000,2014,3760900000,2024,доллар США
http://www.wikidata.org/entity/Q37158,Starbucks,кофе,13299500000,2012,доллар США,191000,2014,1856400000,2025,доллар США
http://www.wikidata.org/entity/Q37158,Starbucks,кофе,13299500000,2012,доллар США,383000,2021,945600000,2010,доллар США
http://www.wikidata.org/entity/Q37158,Starbucks,кофе,13299500000,2012,доллар США,383000,2021,672600000,2007,доллар США
http://www.wikidata.org/entity/Q37158,Starbucks,кофе,13299500000,2012,доллар США,383000,2021,4199300000,2021,доллар США
http://www.wikidata.org/entity/Q37158,Starbucks,кофе,13299500000,2012,доллар США,383000,2021,315500000,2008,доллар США
http://www.wikidata.org/entity/Q37158,Starbucks,кофе,13299500000,2012,доллар США,383000,2021,2817700000,2016,доллар США
http://www.wikidata.org/entity/Q37158,Starbucks,кофе,13299500000,2012,доллар США,383000,2021,2757400000,2015,доллар США
http://www.wikidata.org/entity/Q37158,Starbucks,кофе,13299500000,2012,доллар США,383000,2021,2068100000,2014,доллар США
http://www.wikidata.org/entity/Q37158,Starbucks,кофе,13299500000,2012,доллар США,383000,2021,928300000,2020,доллар США
http://www.wikidata.org/entity/Q37158,Starbucks,кофе,13299500000,2012,доллар США,383000,2021,1245700000,2011,доллар США
http://www.wikidata.org/entity/Q37158,Starbucks,кофе,13299500000,2012,доллар США,383000,2021,3599200000,2019,доллар США
http://www.wikidata.org/entity/Q37158,Starbucks,кофе,13299500000,2012,доллар США,383000,2021,3281600000,2022,доллар США
http://www.wikidata.org/entity/Q37158,Starbucks,кофе,13299500000,2012,доллар США,383000,2021,2884700000,2017,доллар США
http://www.wikidata.org/entity/Q37158,Starbucks,кофе,13299500000,2012,доллар США,383000,2021,8300000,2013,доллар США
http://www.wikidata.org/entity/Q37158,Starbucks,кофе,13299500000,2012,доллар США,383000,2021,1383800000,2012,доллар США
http://www.wikidata.org/entity/Q37158,Starbucks,кофе,13299500000,2012,доллар США,383000,2021,4518300000,2018,доллар США
http://www.wikidata.org/entity/Q37158,Starbucks,кофе,13299500000,2012,доллар США,383000,2021,390800000,2009,доллар США
http://www.wikidata.org/entity/Q37158,Starbucks,кофе,13299500000,2012,доллар США,383000,2021,4124500000,2023,доллар США
http://www.wikidata.org/entity/Q37158,Starbucks,кофе,13299500000,2012,доллар США,383000,2021,3760900000,2024,доллар США
http://www.wikidata.org/entity/Q37158,Starbucks,кофе,13299500000,2012,доллар США,383000,2021,1856400000,2025,доллар США
http://www.wikidata.org/entity/Q37158,Starbucks,кофе,13299500000,2012,доллар США,245000,2016,945600000,2010,доллар США
http://www.wikidata.org/entity/Q37158,Starbucks,кофе,13299500000,2012,доллар США,245000,2016,672600000,2007,доллар США
http://www.wikidata.org/entity/Q37158,Starbucks,кофе,13299500000,2012,доллар США,245000,2016,4199300000,2021,доллар США
http://www.wikidata.org/entity/Q37158,Starbucks,кофе,13299500000,2012,доллар США,245000,2016,315500000,2008,доллар США
http://www.wikidata.org/entity/Q37158,Starbucks,кофе,13299500000,2012,доллар США,245000,2016,2817700000,2016,доллар США
http://www.wikidata.org/entity/Q37158,Starbucks,кофе,13299500000,2012,доллар США,245000,2016,2757400000,2015,доллар США
http://www.wikidata.org/entity/Q37158,Starbucks,кофе,13299500000,2012,доллар США,245000,2016,2068100000,2014,доллар США
http://www.wikidata.org/entity/Q37158,Starbucks,кофе,13299500000,2012,доллар США,245000,2016,928300000,2020,доллар США
http://www.wikidata.org/entity/Q37158,Starbucks,кофе,13299500000,2012,доллар США,245000,2016,1245700000,2011,доллар США
http://www.wikidata.org/entity/Q37158,Starbucks,кофе,13299500000,2012,доллар США,245000,2016,3599200000,2019,доллар США
http://www.wikidata.org/entity/Q37158,Starbucks,кофе,13299500000,2012,доллар США,245000,2016,3281600000,2022,доллар США
http://www.wikidata.org/entity/Q37158,Starbucks,кофе,13299500000,2012,доллар США,245000,2016,2884700000,2017,доллар США
http://www.wikidata.org/entity/Q37158,Starbucks,кофе,13299500000,2012,доллар США,245000,2016,8300000,2013,доллар США
http://www.wikidata.org/entity/Q37158,Starbucks,кофе,13299500000,2012,доллар США,245000,2016,1383800000,2012,доллар США
http://www.wikidata.org/entity/Q37158,Starbucks,кофе,13299500000,2012,доллар США,245000,2016,4518300000,2018,доллар США
http://www.wikidata.org/entity/Q37158,Starbucks,кофе,13299500000,2012,доллар США,245000,2016,390800000,2009,доллар США
http://www.wikidata.org/entity/Q37158,Starbucks,кофе,13299500000,2012,доллар США,245000,2016,4124500000,2023,доллар США
http://www.wikidata.org/entity/Q37158,Starbucks,кофе,13299500000,2012,доллар США,245000,2016,3760900000,2024,доллар США
http://www.wikidata.org/entity/Q37158,Starbucks,кофе,13299500000,2012,доллар США,245000,2016,1856400000,2025,доллар США
http://www.wikidata.org/entity/Q37158,Starbucks,кофе,13299500000,2016,доллар США,191000,2014,945600000,2010,доллар США
http://www.wikidata.org/entity/Q37158,Starbucks,кофе,13299500000,2016,доллар США,191000,2014,672600000,2007,доллар США
http://www.wikidata.org/entity/Q37158,Starbucks,кофе,13299500000,2016,доллар США,191000,2014,4199300000,2021,доллар США
http://www.wikidata.org/entity/Q37158,Starbucks,кофе,13299500000,2016,доллар США,191000,2014,315500000,2008,доллар США
http://www.wikidata.org/entity/Q37158,Starbucks,кофе,13299500000,2016,доллар США,191000,2014,2817700000,2016,доллар США
http://www.wikidata.org/entity/Q37158,Starbucks,кофе,13299500000,2016,доллар США,191000,2014,2757400000,2015,доллар США
http://www.wikidata.org/entity/Q37158,Starbucks,кофе,13299500000,2016,доллар США,191000,2014,2068100000,2014,доллар США
http://www.wikidata.org/entity/Q37158,Starbucks,кофе,13299500000,2016,доллар США,191000,2014,928300000,2020,доллар США
http://www.wikidata.org/entity/Q37158,Starbucks,кофе,13299500000,2016,доллар США,191000,2014,1245700000,2011,доллар США
http://www.wikidata.org/entity/Q37158,Starbucks,кофе,13299500000,2016,доллар США,191000,2014,3599200000,2019,доллар США
http://www.wikidata.org/entity/Q37158,Starbucks,кофе,13299500000,2016,доллар США,191000,2014,3281600000,2022,доллар США
http://www.wikidata.org/entity/Q37158,Starbucks,кофе,13299500000,2016,доллар США,191000,2014,2884700000,2017,доллар США
http://www.wikidata.org/entity/Q37158,Starbucks,кофе,13299500000,2016,доллар США,191000,2014,8300000,2013,доллар США
http://www.wikidata.org/entity/Q37158,Starbucks,кофе,13299500000,2016,доллар США,191000,2014,1383800000,2012,доллар США
http://www.wikidata.org/entity/Q37158,Starbucks,кофе,13299500000,2016,доллар США,191000,2014,4518300000,2018,доллар США
http://www.wikidata.org/entity/Q37158,Starbucks,кофе,13299500000,2016,доллар США,191000,2014,390800000,2009,доллар США
http://www.wikidata.org/entity/Q37158,Starbucks,кофе,13299500000,2016,доллар США,191000,2014,4124500000,2023,доллар США
http://www.wikidata.org/entity/Q37158,Starbucks,кофе,13299500000,2016,доллар США,191000,2014,3760900000,2024,доллар США
http://www.wikidata.org/entity/Q37158,Starbucks,кофе,13299500000,2016,доллар США,191000,2014,1856400000,2025,доллар США
http://www.wikidata.org/entity/Q37158,Starbucks,кофе,13299500000,2016,доллар США,383000,2021,945600000,2010,доллар США
http://www.wikidata.org/entity/Q37158,Starbucks,кофе,13299500000,2016,доллар США,383000,2021,672600000,2007,доллар США
http://www.wikidata.org/entity/Q37158,Starbucks,кофе,13299500000,2016,доллар США,383000,2021,4199300000,2021,доллар США
http://www.wikidata.org/entity/Q37158,Starbucks,кофе,13299500000,2016,доллар США,383000,2021,315500000,2008,доллар США
http://www.wikidata.org/entity/Q37158,Starbucks,кофе,13299500000,2016,доллар США,383000,2021,2817700000,2016,доллар США
http://www.wikidata.org/entity/Q37158,Starbucks,кофе,13299500000,2016,доллар США,383000,2021,2757400000,2015,доллар США
http://www.wikidata.org/entity/Q37158,Starbucks,кофе,13299500000,2016,доллар США,383000,2021,2068100000,2014,доллар США
http://www.wikidata.org/entity/Q37158,Starbucks,кофе,13299500000,2016,доллар США,383000,2021,928300000,2020,доллар США
http://www.wikidata.org/entity/Q37158,Starbucks,кофе,13299500000,2016,доллар США,383000,2021,1245700000,2011,доллар США
http://www.wikidata.org/entity/Q37158,Starbucks,кофе,13299500000,2016,доллар США,383000,2021,3599200000,2019,доллар США
http://www.wikidata.org/entity/Q37158,Starbucks,кофе,13299500000,2016,доллар США,383000,2021,3281600000,2022,доллар США
http://www.wikidata.org/entity/Q37158,Starbucks,кофе,13299500000,2016,доллар США,383000,2021,2884700000,2017,доллар США
http://www.wikidata.org/entity/Q37158,Starbucks,кофе,13299500000,2016,доллар США,383000,2021,8300000,2013,доллар США
http://www.wikidata.org/entity/Q37158,Starbucks,кофе,13299500000,2016,доллар США,383000,2021,1383800000,2012,доллар США
http://www.wikidata.org/entity/Q37158,Starbucks,кофе,13299500000,2016,доллар США,383000,2021,4518300000,2018,доллар США
http://www.wikidata.org/entity/Q37158,Starbucks,кофе,13299500000,2016,доллар США,383000,2021,390800000,2009,доллар США
http://www.wikidata.org/entity/Q37158,Starbucks,кофе,13299500000,2016,доллар США,383000,2021,4124500000,2023,доллар США
http://www.wikidata.org/entity/Q37158,Starbucks,кофе,13299500000,2016,доллар США,383000,2021,3760900000,2024,доллар США
http://www.wikidata.org/entity/Q37158,Starbucks,кофе,13299500000,2016,доллар США,383000,2021,1856400000,2025,доллар США
http://www.wikidata.org/entity/Q37158,Starbucks,кофе,13299500000,2016,доллар США,245000,2016,945600000,2010,доллар США
http://www.wikidata.org/entity/Q37158,Starbucks,кофе,13299500000,2016,доллар США,245000,2016,672600000,2007,доллар США
http://www.wikidata.org/entity/Q37158,Starbucks,кофе,13299500000,2016,доллар США,245000,2016,4199300000,2021,доллар США
http://www.wikidata.org/entity/Q37158,Starbucks,кофе,13299500000,2016,доллар США,245000,2016,315500000,2008,доллар США
http://www.wikidata.org/entity/Q37158,Starbucks,кофе,13299500000,2016,доллар США,245000,2016,2817700000,2016,доллар США
http://www.wikidata.org/entity/Q37158,Starbucks,кофе,13299500000,2016,доллар США,245000,2016,2757400000,2015,доллар США
http://www.wikidata.org/entity/Q37158,Starbucks,кофе,13299500000,2016,доллар США,245000,2016,2068100000,2014,доллар США
http://www.wikidata.org/entity/Q37158,Starbucks,кофе,13299500000,2016,доллар США,245000,2016,928300000,2020,доллар США
http://www.wikidata.org/entity/Q37158,Starbucks,кофе,13299500000,2016,доллар США,245000,2016,1245700000,2011,доллар США
http://www.wikidata.org/entity/Q37158,Starbucks,кофе,13299500000,2016,доллар США,245000,2016,3599200000,2019,доллар США
http://www.wikidata.org/entity/Q37158,Starbucks,кофе,13299500000,2016,доллар США,245000,2016,3281600000,2022,доллар США
http://www.wikidata.org/entity/Q37158,Starbucks,кофе,13299500000,2016,доллар США,245000,2016,2884700000,2017,доллар США
http://www.wikidata.org/entity/Q37158,Starbucks,кофе,13299500000,2016,доллар США,245000,2016,8300000,2013,доллар США
http://www.wikidata.org/entity/Q37158,Starbucks,кофе,13299500000,2016,доллар США,245000,2016,1383800000,2012,доллар США
http://www.wikidata.org/entity/Q37158,Starbucks,кофе,13299500000,2016,доллар США,245000,2016,4518300000,2018,доллар США
http://www.wikidata.org/entity/Q37158,Starbucks,кофе,13299500000,2016,доллар США,245000,2016,390800000,2009,доллар США
http://www.wikidata.org/entity/Q37158,Starbucks,кофе,13299500000,2016,доллар США,245000,2016,4124500000,2023,доллар США
http://www.wikidata.org/entity/Q37158,Starbucks,кофе,13299500000,2016,доллар США,245000,2016,3760900000,2024,доллар США
http://www.wikidata.org/entity/Q37158,Starbucks,кофе,13299500000,2016,доллар США,245000,2016,1856400000,2025,доллар США
http://www.wikidata.org/entity/Q37158,Starbucks,кофе,11700400000,2011,доллар США,191000,2014,945600000,2010,доллар США
http://www.wikidata.org/entity/Q37158,Starbucks,кофе,11700400000,2011,доллар США,191000,2014,672600000,2007,доллар США
http://www.wikidata.org/entity/Q37158,Starbucks,кофе,11700400000,2011,доллар США,191000,2014,4199300000,2021,доллар США
http://www.wikidata.org/entity/Q37158,Starbucks,кофе,11700400000,2011,доллар США,191000,2014,315500000,2008,доллар США
http://www.wikidata.org/entity/Q37158,Starbucks,кофе,11700400000,2011,доллар США,191000,2014,2817700000,2016,доллар США
http://www.wikidata.org/entity/Q37158,Starbucks,кофе,11700400000,2011,доллар США,191000,2014,2757400000,2015,доллар США
http://www.wikidata.org/entity/Q37158,Starbucks,кофе,11700400000,2011,доллар США,191000,2014,2068100000,2014,доллар США
http://www.wikidata.org/entity/Q37158,Starbucks,кофе,11700400000,2011,доллар США,191000,2014,928300000,2020,доллар США
http://www.wikidata.org/entity/Q37158,Starbucks,кофе,11700400000,2011,доллар США,191000,2014,1245700000,2011,доллар США
http://www.wikidata.org/entity/Q37158,Starbucks,кофе,11700400000,2011,доллар США,191000,2014,3599200000,2019,доллар США
http://www.wikidata.org/entity/Q37158,Starbucks,кофе,11700400000,2011,доллар США,191000,2014,3281600000,2022,доллар США
http://www.wikidata.org/entity/Q37158,Starbucks,кофе,11700400000,2011,доллар США,191000,2014,2884700000,2017,доллар США
http://www.wikidata.org/entity/Q37158,Starbucks,кофе,11700400000,2011,доллар США,191000,2014,8300000,2013,доллар США
http://www.wikidata.org/entity/Q37158,Starbucks,кофе,11700400000,2011,доллар США,191000,2014,1383800000,2012,доллар США
http://www.wikidata.org/entity/Q37158,Starbucks,кофе,11700400000,2011,доллар США,191000,2014,4518300000,2018,доллар США
http://www.wikidata.org/entity/Q37158,Starbucks,кофе,11700400000,2011,доллар США,191000,2014,390800000,2009,доллар США
http://www.wikidata.org/entity/Q37158,Starbucks,кофе,11700400000,2011,доллар США,191000,2014,4124500000,2023,доллар США
http://www.wikidata.org/entity/Q37158,Starbucks,кофе,11700400000,2011,доллар США,191000,2014,3760900000,2024,доллар США
http://www.wikidata.org/entity/Q37158,Starbucks,кофе,11700400000,2011,доллар США,191000,2014,1856400000,2025,доллар США
http://www.wikidata.org/entity/Q37158,Starbucks,кофе,11700400000,2011,доллар США,383000,2021,945600000,2010,доллар США
http://www.wikidata.org/entity/Q37158,Starbucks,кофе,11700400000,2011,доллар США,383000,2021,672600000,2007,доллар США
http://www.wikidata.org/entity/Q37158,Starbucks,кофе,11700400000,2011,доллар США,383000,2021,4199300000,2021,доллар США
http://www.wikidata.org/entity/Q37158,Starbucks,кофе,11700400000,2011,доллар США,383000,2021,315500000,2008,доллар США
http://www.wikidata.org/entity/Q37158,Starbucks,кофе,11700400000,2011,доллар США,383000,2021,2817700000,2016,доллар США
http://www.wikidata.org/entity/Q37158,Starbucks,кофе,11700400000,2011,доллар США,383000,2021,2757400000,2015,доллар США
http://www.wikidata.org/entity/Q37158,Starbucks,кофе,11700400000,2011,доллар США,383000,2021,2068100000,2014,доллар США
http://www.wikidata.org/entity/Q37158,Starbucks,кофе,11700400000,2011,доллар США,383000,2021,928300000,2020,доллар США
http://www.wikidata.org/entity/Q37158,Starbucks,кофе,11700400000,2011,доллар США,383000,2021,1245700000,2011,доллар США
http://www.wikidata.org/entity/Q37158,Starbucks,кофе,11700400000,2011,доллар США,383000,2021,3599200000,2019,доллар США
http://www.wikidata.org/entity/Q37158,Starbucks,кофе,11700400000,2011,доллар США,383000,2021,3281600000,2022,доллар США
http://www.wikidata.org/entity/Q37158,Starbucks,кофе,11700400000,2011,доллар США,383000,2021,2884700000,2017,доллар США
http://www.wikidata.org/entity/Q37158,Starbucks,кофе,11700400000,2011,доллар США,383000,2021,8300000,2013,доллар США
http://www.wikidata.org/entity/Q37158,Starbucks,кофе,11700400000,2011,доллар США,383000,2021,1383800000,2012,доллар США
http://www.wikidata.org/entity/Q37158,Starbucks,кофе,11700400000,2011,доллар США,383000,2021,4518300000,2018,доллар США
http://www.wikidata.org/entity/Q37158,Starbucks,кофе,11700400000,2011,доллар США,383000,2021,390800000,2009,доллар США
http://www.wikidata.org/entity/Q37158,Starbucks,кофе,11700400000,2011,доллар США,383000,2021,4124500000,2023,доллар США
http://www.wikidata.org/entity/Q37158,Starbucks,кофе,11700400000,2011,доллар США,383000,2021,3760900000,2024,доллар США
http://www.wikidata.org/entity/Q37158,Starbucks,кофе,11700400000,2011,доллар США,383000,2021,1856400000,2025,доллар США
http://www.wikidata.org/entity/Q37158,Starbucks,кофе,11700400000,2011,доллар США,245000,2016,945600000,2010,доллар США
http://www.wikidata.org/entity/Q37158,Starbucks,кофе,11700400000,2011,доллар США,245000,2016,672600000,2007,доллар США
http://www.wikidata.org/entity/Q37158,Starbucks,кофе,11700400000,2011,доллар США,245000,2016,4199300000,2021,доллар США
http://www.wikidata.org/entity/Q37158,Starbucks,кофе,11700400000,2011,доллар США,245000,2016,315500000,2008,доллар США
http://www.wikidata.org/entity/Q37158,Starbucks,кофе,11700400000,2011,доллар США,245000,2016,2817700000,2016,доллар США
http://www.wikidata.org/entity/Q37158,Starbucks,кофе,11700400000,2011,доллар США,245000,2016,2757400000,2015,доллар США
http://www.wikidata.org/entity/Q37158,Starbucks,кофе,11700400000,2011,доллар США,245000,2016,2068100000,2014,доллар США
http://www.wikidata.org/entity/Q37158,Starbucks,кофе,11700400000,2011,доллар США,245000,2016,928300000,2020,доллар США
http://www.wikidata.org/entity/Q37158,Starbucks,кофе,11700400000,2011,доллар США,245000,2016,1245700000,2011,доллар США
http://www.wikidata.org/entity/Q37158,Starbucks,кофе,11700400000,2011,доллар США,245000,2016,3599200000,2019,доллар США
http://www.wikidata.org/entity/Q37158,Starbucks,кофе,11700400000,2011,доллар США,245000,2016,3281600000,2022,доллар США
http://www.wikidata.org/entity/Q37158,Starbucks,кофе,11700400000,2011,доллар США,245000,2016,2884700000,2017,доллар США
http://www.wikidata.org/entity/Q37158,Starbucks,кофе,11700400000,2011,доллар США,245000,2016,8300000,2013,доллар США
http://www.wikidata.org/entity/Q37158,Starbucks,кофе,11700400000,2011,доллар США,245000,2016,1383800000,2012,доллар США
http://www.wikidata.org/entity/Q37158,Starbucks,кофе,11700400000,2011,доллар США,245000,2016,4518300000,2018,доллар США
http://www.wikidata.org/entity/Q37158,Starbucks,кофе,11700400000,2011,доллар США,245000,2016,390800000,2009,доллар США
http://www.wikidata.org/entity/Q37158,Starbucks,кофе,11700400000,2011,доллар США,245000,2016,4124500000,2023,доллар США
http://www.wikidata.org/entity/Q37158,Starbucks,кофе,11700400000,2011,доллар США,245000,2016,3760900000,2024,доллар США
http://www.wikidata.org/entity/Q37158,Starbucks,кофе,11700400000,2011,доллар США,245000,2016,1856400000,2025,доллар США
http://www.wikidata.org/entity/Q37158,Starbucks,кофе,10707400000,2010,доллар США,191000,2014,945600000,2010,доллар США
http://www.wikidata.org/entity/Q37158,Starbucks,кофе,10707400000,2010,доллар США,191000,2014,672600000,2007,доллар США
http://www.wikidata.org/entity/Q37158,Starbucks,кофе,10707400000,2010,доллар США,191000,2014,4199300000,2021,доллар США
http://www.wikidata.org/entity/Q37158,Starbucks,кофе,10707400000,2010,доллар США,191000,2014,315500000,2008,доллар США
http://www.wikidata.org/entity/Q37158,Starbucks,кофе,10707400000,2010,доллар США,191000,2014,2817700000,2016,доллар США
http://www.wikidata.org/entity/Q37158,Starbucks,кофе,10707400000,2010,доллар США,191000,2014,2757400000,2015,доллар США
http://www.wikidata.org/entity/Q37158,Starbucks,кофе,10707400000,2010,доллар США,191000,2014,2068100000,2014,доллар США
http://www.wikidata.org/entity/Q37158,Starbucks,кофе,10707400000,2010,доллар США,191000,2014,928300000,2020,доллар США
http://www.wikidata.org/entity/Q37158,Starbucks,кофе,10707400000,2010,доллар США,191000,2014,1245700000,2011,доллар США
http://www.wikidata.org/entity/Q37158,Starbucks,кофе,10707400000,2010,доллар США,191000,2014,3599200000,2019,доллар США
http://www.wikidata.org/entity/Q37158,Starbucks,кофе,10707400000,2010,доллар США,191000,2014,3281600000,2022,доллар США
http://www.wikidata.org/entity/Q37158,Starbucks,кофе,10707400000,2010,доллар США,191000,2014,2884700000,2017,доллар США
http://www.wikidata.org/entity/Q37158,Starbucks,кофе,10707400000,2010,доллар США,191000,2014,8300000,2013,доллар США
http://www.wikidata.org/entity/Q37158,Starbucks,кофе,10707400000,2010,доллар США,191000,2014,1383800000,2012,доллар США
http://www.wikidata.org/entity/Q37158,Starbucks,кофе,10707400000,2010,доллар США,191000,2014,4518300000,2018,доллар США
http://www.wikidata.org/entity/Q37158,Starbucks,кофе,10707400000,2010,доллар США,191000,2014,390800000,2009,доллар США
http://www.wikidata.org/entity/Q37158,Starbucks,кофе,10707400000,2010,доллар США,191000,2014,4124500000,2023,доллар США
http://www.wikidata.org/entity/Q37158,Starbucks,кофе,10707400000,2010,доллар США,191000,2014,3760900000,2024,доллар США
http://www.wikidata.org/entity/Q37158,Starbucks,кофе,10707400000,2010,доллар США,191000,2014,1856400000,2025,доллар США
http://www.wikidata.org/entity/Q37158,Starbucks,кофе,10707400000,2010,доллар США,383000,2021,945600000,2010,доллар США
http://www.wikidata.org/entity/Q37158,Starbucks,кофе,10707400000,2010,доллар США,383000,2021,672600000,2007,доллар США
http://www.wikidata.org/entity/Q37158,Starbucks,кофе,10707400000,2010,доллар США,383000,2021,4199300000,2021,доллар США
http://www.wikidata.org/entity/Q37158,Starbucks,кофе,10707400000,2010,доллар США,383000,2021,315500000,2008,доллар США
http://www.wikidata.org/entity/Q37158,Starbucks,кофе,10707400000,2010,доллар США,383000,2021,2817700000,2016,доллар США
http://www.wikidata.org/entity/Q37158,Starbucks,кофе,10707400000,2010,доллар США,383000,2021,2757400000,2015,доллар США
http://www.wikidata.org/entity/Q37158,Starbucks,кофе,10707400000,2010,доллар США,383000,2021,2068100000,2014,доллар США
http://www.wikidata.org/entity/Q37158,Starbucks,кофе,10707400000,2010,доллар США,383000,2021,928300000,2020,доллар США
http://www.wikidata.org/entity/Q37158,Starbucks,кофе,10707400000,2010,доллар США,383000,2021,1245700000,2011,доллар США
http://www.wikidata.org/entity/Q37158,Starbucks,кофе,10707400000,2010,доллар США,383000,2021,3599200000,2019,доллар США
http://www.wikidata.org/entity/Q37158,Starbucks,кофе,10707400000,2010,доллар США,383000,2021,3281600000,2022,доллар США
http://www.wikidata.org/entity/Q37158,Starbucks,кофе,10707400000,2010,доллар США,383000,2021,2884700000,2017,доллар США
http://www.wikidata.org/entity/Q37158,Starbucks,кофе,10707400000,2010,доллар США,383000,2021,8300000,2013,доллар США
http://www.wikidata.org/entity/Q37158,Starbucks,кофе,10707400000,2010,доллар США,383000,2021,1383800000,2012,доллар США
http://www.wikidata.org/entity/Q37158,Starbucks,кофе,10707400000,2010,доллар США,383000,2021,4518300000,2018,доллар США
http://www.wikidata.org/entity/Q37158,Starbucks,кофе,10707400000,2010,доллар США,383000,2021,390800000,2009,доллар США
http://www.wikidata.org/entity/Q37158,Starbucks,кофе,10707400000,2010,доллар США,383000,2021,4124500000,2023,доллар США
http://www.wikidata.org/entity/Q37158,Starbucks,кофе,10707400000,2010,доллар США,383000,2021,3760900000,2024,доллар США
http://www.wikidata.org/entity/Q37158,Starbucks,кофе,10707400000,2010,доллар США,383000,2021,1856400000,2025,доллар США
http://www.wikidata.org/entity/Q37158,Starbucks,кофе,10707400000,2010,доллар США,245000,2016,945600000,2010,доллар США
http://www.wikidata.org/entity/Q37158,Starbucks,кофе,10707400000,2010,доллар США,245000,2016,672600000,2007,доллар США
http://www.wikidata.org/entity/Q37158,Starbucks,кофе,10707400000,2010,доллар США,245000,2016,4199300000,2021,доллар США
http://www.wikidata.org/entity/Q37158,Starbucks,кофе,10707400000,2010,доллар США,245000,2016,315500000,2008,доллар США
http://www.wikidata.org/entity/Q37158,Starbucks,кофе,10707400000,2010,доллар США,245000,2016,2817700000,2016,доллар США
http://www.wikidata.org/entity/Q37158,Starbucks,кофе,10707400000,2010,доллар США,245000,2016,2757400000,2015,доллар США
http://www.wikidata.org/entity/Q37158,Starbucks,кофе,10707400000,2010,доллар США,245000,2016,2068100000,2014,доллар США
http://www.wikidata.org/entity/Q37158,Starbucks,кофе,10707400000,2010,доллар США,245000,2016,928300000,2020,доллар США
http://www.wikidata.org/entity/Q37158,Starbucks,кофе,10707400000,2010,доллар США,245000,2016,1245700000,2011,доллар США
http://www.wikidata.org/entity/Q37158,Starbucks,кофе,10707400000,2010,доллар США,245000,2016,3599200000,2019,доллар США
http://www.wikidata.org/entity/Q37158,Starbucks,кофе,10707400000,2010,доллар США,245000,2016,3281600000,2022,доллар США
http://www.wikidata.org/entity/Q37158,Starbucks,кофе,10707400000,2010,доллар США,245000,2016,2884700000,2017,доллар США
http://www.wikidata.org/entity/Q37158,Starbucks,кофе,10707400000,2010,доллар США,245000,2016,8300000,2013,доллар США
http://www.wikidata.org/entity/Q37158,Starbucks,кофе,10707400000,2010,доллар США,245000,2016,1383800000,2012,доллар США
http://www.wikidata.org/entity/Q37158,Starbucks,кофе,10707400000,2010,доллар США,245000,2016,4518300000,2018,доллар США
http://www.wikidata.org/entity/Q37158,Starbucks,кофе,10707400000,2010,доллар США,245000,2016,390800000,2009,доллар США
http://www.wikidata.org/entity/Q37158,Starbucks,кофе,10707400000,2010,доллар США,245000,2016,4124500000,2023,доллар США
http://www.wikidata.org/entity/Q37158,Starbucks,кофе,10707400000,2010,доллар США,245000,2016,3760900000,2024,доллар США
http://www.wikidata.org/entity/Q37158,Starbucks,кофе,10707400000,2010,доллар США,245000,2016,1856400000,2025,доллар США
http://www.wikidata.org/entity/Q37158,Starbucks,кофе,10383000000,2008,доллар США,245000,2016,1245700000,2011,доллар США
http://www.wikidata.org/entity/Q37158,Starbucks,кофе,10383000000,2008,доллар США,245000,2016,3599200000,2019,доллар США
http://www.wikidata.org/entity/Q37158,Starbucks,кофе,10383000000,2008,доллар США,245000,2016,3281600000,2022,доллар США
http://www.wikidata.org/entity/Q37158,Starbucks,кофе,10383000000,2008,доллар США,245000,2016,2884700000,2017,доллар США
http://www.wikidata.org/entity/Q37158,Starbucks,кофе,10383000000,2008,доллар США,245000,2016,8300000,2013,доллар США
http://www.wikidata.org/entity/Q37158,Starbucks,кофе,10383000000,2008,доллар США,245000,2016,1383800000,2012,доллар США
http://www.wikidata.org/entity/Q37158,Starbucks,кофе,10383000000,2008,доллар США,245000,2016,4518300000,2018,доллар США
http://www.wikidata.org/entity/Q37158,Starbucks,кофе,10383000000,2008,доллар США,245000,2016,390800000,2009,доллар США
http://www.wikidata.org/entity/Q37158,Starbucks,кофе,10383000000,2008,доллар США,245000,2016,4124500000,2023,доллар США
http://www.wikidata.org/entity/Q37158,Starbucks,кофе,10383000000,2008,доллар США,245000,2016,3760900000,2024,доллар США
http://www.wikidata.org/entity/Q37158,Starbucks,кофе,10383000000,2008,доллар США,245000,2016,1856400000,2025,доллар США
http://www.wikidata.org/entity/Q37158,Starbucks,кофе,10383000000,2008,доллар США,191000,2014,945600000,2010,доллар США
http://www.wikidata.org/entity/Q37158,Starbucks,кофе,10383000000,2008,доллар США,191000,2014,672600000,2007,доллар США
http://www.wikidata.org/entity/Q37158,Starbucks,кофе,10383000000,2008,доллар США,191000,2014,4199300000,2021,доллар США
http://www.wikidata.org/entity/Q37158,Starbucks,кофе,10383000000,2008,доллар США,191000,2014,315500000,2008,доллар США
http://www.wikidata.org/entity/Q37158,Starbucks,кофе,10383000000,2008,доллар США,191000,2014,2817700000,2016,доллар США
http://www.wikidata.org/entity/Q37158,Starbucks,кофе,10383000000,2008,доллар США,191000,2014,2757400000,2015,доллар США
http://www.wikidata.org/entity/Q37158,Starbucks,кофе,10383000000,2008,доллар США,191000,2014,2068100000,2014,доллар США
http://www.wikidata.org/entity/Q37158,Starbucks,кофе,10383000000,2008,доллар США,191000,2014,928300000,2020,доллар США
http://www.wikidata.org/entity/Q37158,Starbucks,кофе,10383000000,2008,доллар США,191000,2014,1245700000,2011,доллар США
http://www.wikidata.org/entity/Q37158,Starbucks,кофе,10383000000,2008,доллар США,191000,2014,3599200000,2019,доллар США
http://www.wikidata.org/entity/Q37158,Starbucks,кофе,10383000000,2008,доллар США,191000,2014,3281600000,2022,доллар США
http://www.wikidata.org/entity/Q37158,Starbucks,кофе,10383000000,2008,доллар США,191000,2014,2884700000,2017,доллар США
http://www.wikidata.org/entity/Q37158,Starbucks,кофе,10383000000,2008,доллар США,191000,2014,8300000,2013,доллар США
http://www.wikidata.org/entity/Q37158,Starbucks,кофе,10383000000,2008,доллар США,191000,2014,1383800000,2012,доллар США
http://www.wikidata.org/entity/Q37158,Starbucks,кофе,10383000000,2008,доллар США,191000,2014,4518300000,2018,доллар США
http://www.wikidata.org/entity/Q37158,Starbucks,кофе,10383000000,2008,доллар США,191000,2014,390800000,2009,доллар США
http://www.wikidata.org/entity/Q37158,Starbucks,кофе,10383000000,2008,доллар США,191000,2014,4124500000,2023,доллар США
http://www.wikidata.org/entity/Q37158,Starbucks,кофе,10383000000,2008,доллар США,191000,2014,3760900000,2024,доллар США
http://www.wikidata.org/entity/Q37158,Starbucks,кофе,10383000000,2008,доллар США,191000,2014,1856400000,2025,доллар США
http://www.wikidata.org/entity/Q37158,Starbucks,кофе,10383000000,2008,доллар США,383000,2021,945600000,2010,доллар США
http://www.wikidata.org/entity/Q37158,Starbucks,кофе,10383000000,2008,доллар США,383000,2021,672600000,2007,доллар США
http://www.wikidata.org/entity/Q37158,Starbucks,кофе,10383000000,2008,доллар США,383000,2021,4199300000,2021,доллар США
http://www.wikidata.org/entity/Q37158,Starbucks,кофе,10383000000,2008,доллар США,383000,2021,315500000,2008,доллар США
http://www.wikidata.org/entity/Q37158,Starbucks,кофе,10383000000,2008,доллар США,383000,2021,2817700000,2016,доллар США
http://www.wikidata.org/entity/Q37158,Starbucks,кофе,10383000000,2008,доллар США,383000,2021,2757400000,2015,доллар США
http://www.wikidata.org/entity/Q37158,Starbucks,кофе,10383000000,2008,доллар США,383000,2021,2068100000,2014,доллар США
http://www.wikidata.org/entity/Q37158,Starbucks,кофе,10383000000,2008,доллар США,383000,2021,928300000,2020,доллар США
http://www.wikidata.org/entity/Q37158,Starbucks,кофе,10383000000,2008,доллар США,383000,2021,1245700000,2011,доллар США
http://www.wikidata.org/entity/Q37158,Starbucks,кофе,10383000000,2008,доллар США,383000,2021,3599200000,2019,доллар США
http://www.wikidata.org/entity/Q37158,Starbucks,кофе,10383000000,2008,доллар США,383000,2021,3281600000,2022,доллар США
http://www.wikidata.org/entity/Q37158,Starbucks,кофе,10383000000,2008,доллар США,383000,2021,2884700000,2017,доллар США
http://www.wikidata.org/entity/Q37158,Starbucks,кофе,10383000000,2008,доллар США,383000,2021,8300000,2013,доллар США
http://www.wikidata.org/entity/Q37158,Starbucks,кофе,10383000000,2008,доллар США,383000,2021,1383800000,2012,доллар США
http://www.wikidata.org/entity/Q37158,Starbucks,кофе,10383000000,2008,доллар США,383000,2021,4518300000,2018,доллар США
http://www.wikidata.org/entity/Q37158,Starbucks,кофе,10383000000,2008,доллар США,383000,2021,390800000,2009,доллар США
http://www.wikidata.org/entity/Q37158,Starbucks,кофе,10383000000,2008,доллар США,383000,2021,4124500000,2023,доллар США
http://www.wikidata.org/entity/Q37158,Starbucks,кофе,10383000000,2008,доллар США,383000,2021,3760900000,2024,доллар США
http://www.wikidata.org/entity/Q37158,Starbucks,кофе,10383000000,2008,доллар США,383000,2021,1856400000,2025,доллар США
http://www.wikidata.org/entity/Q37158,Starbucks,кофе,10383000000,2008,доллар США,245000,2016,945600000,2010,доллар США
http://www.wikidata.org/entity/Q37158,Starbucks,кофе,10383000000,2008,доллар США,245000,2016,672600000,2007,доллар США
http://www.wikidata.org/entity/Q37158,Starbucks,кофе,10383000000,2008,доллар США,245000,2016,4199300000,2021,доллар США
http://www.wikidata.org/entity/Q37158,Starbucks,кофе,10383000000,2008,доллар США,245000,2016,315500000,2008,доллар США
http://www.wikidata.org/entity/Q37158,Starbucks,кофе,10383000000,2008,доллар США,245000,2016,2817700000,2016,доллар США
http://www.wikidata.org/entity/Q37158,Starbucks,кофе,10383000000,2008,доллар США,245000,2016,2757400000,2015,доллар США
http://www.wikidata.org/entity/Q37158,Starbucks,кофе,10383000000,2008,доллар США,245000,2016,2068100000,2014,доллар США
http://www.wikidata.org/entity/Q37158,Starbucks,кофе,10383000000,2008,доллар США,245000,2016,928300000,2020,доллар США
http://www.wikidata.org/entity/Q37158,Starbucks,кофе,9774600000,2009,доллар США,191000,2014,945600000,2010,доллар США
http://www.wikidata.org/entity/Q37158,Starbucks,кофе,9774600000,2009,доллар США,191000,2014,672600000,2007,доллар США
http://www.wikidata.org/entity/Q37158,Starbucks,кофе,9774600000,2009,доллар США,191000,2014,4199300000,2021,доллар США
http://www.wikidata.org/entity/Q37158,Starbucks,кофе,9774600000,2009,доллар США,191000,2014,315500000,2008,доллар США
http://www.wikidata.org/entity/Q37158,Starbucks,кофе,9774600000,2009,доллар США,191000,2014,2817700000,2016,доллар США
http://www.wikidata.org/entity/Q37158,Starbucks,кофе,9774600000,2009,доллар США,191000,2014,2757400000,2015,доллар США
http://www.wikidata.org/entity/Q37158,Starbucks,кофе,9774600000,2009,доллар США,191000,2014,2068100000,2014,доллар США
http://www.wikidata.org/entity/Q37158,Starbucks,кофе,9774600000,2009,доллар США,191000,2014,928300000,2020,доллар США
http://www.wikidata.org/entity/Q37158,Starbucks,кофе,9774600000,2009,доллар США,191000,2014,1245700000,2011,доллар США
http://www.wikidata.org/entity/Q37158,Starbucks,кофе,9774600000,2009,доллар США,191000,2014,3599200000,2019,доллар США
http://www.wikidata.org/entity/Q37158,Starbucks,кофе,9774600000,2009,доллар США,191000,2014,3281600000,2022,доллар США
http://www.wikidata.org/entity/Q37158,Starbucks,кофе,9774600000,2009,доллар США,191000,2014,2884700000,2017,доллар США
http://www.wikidata.org/entity/Q37158,Starbucks,кофе,9774600000,2009,доллар США,191000,2014,8300000,2013,доллар США
http://www.wikidata.org/entity/Q37158,Starbucks,кофе,9774600000,2009,доллар США,191000,2014,1383800000,2012,доллар США
http://www.wikidata.org/entity/Q37158,Starbucks,кофе,9774600000,2009,доллар США,191000,2014,4518300000,2018,доллар США
http://www.wikidata.org/entity/Q37158,Starbucks,кофе,9774600000,2009,доллар США,191000,2014,390800000,2009,доллар США
http://www.wikidata.org/entity/Q37158,Starbucks,кофе,9774600000,2009,доллар США,191000,2014,4124500000,2023,доллар США
http://www.wikidata.org/entity/Q37158,Starbucks,кофе,9774600000,2009,доллар США,191000,2014,3760900000,2024,доллар США
http://www.wikidata.org/entity/Q37158,Starbucks,кофе,9774600000,2009,доллар США,191000,2014,1856400000,2025,доллар США
http://www.wikidata.org/entity/Q37158,Starbucks,кофе,9774600000,2009,доллар США,383000,2021,945600000,2010,доллар США
http://www.wikidata.org/entity/Q37158,Starbucks,кофе,9774600000,2009,доллар США,383000,2021,672600000,2007,доллар США
http://www.wikidata.org/entity/Q37158,Starbucks,кофе,9774600000,2009,доллар США,383000,2021,4199300000,2021,доллар США
http://www.wikidata.org/entity/Q37158,Starbucks,кофе,9774600000,2009,доллар США,383000,2021,315500000,2008,доллар США
http://www.wikidata.org/entity/Q37158,Starbucks,кофе,9774600000,2009,доллар США,383000,2021,2817700000,2016,доллар США
http://www.wikidata.org/entity/Q37158,Starbucks,кофе,9774600000,2009,доллар США,383000,2021,2757400000,2015,доллар США
http://www.wikidata.org/entity/Q37158,Starbucks,кофе,9774600000,2009,доллар США,383000,2021,2068100000,2014,доллар США
http://www.wikidata.org/entity/Q37158,Starbucks,кофе,9774600000,2009,доллар США,383000,2021,928300000,2020,доллар США
http://www.wikidata.org/entity/Q37158,Starbucks,кофе,9774600000,2009,доллар США,383000,2021,1245700000,2011,доллар США
http://www.wikidata.org/entity/Q37158,Starbucks,кофе,9774600000,2009,доллар США,383000,2021,3599200000,2019,доллар США
http://www.wikidata.org/entity/Q37158,Starbucks,кофе,9774600000,2009,доллар США,383000,2021,3281600000,2022,доллар США
http://www.wikidata.org/entity/Q37158,Starbucks,кофе,9774600000,2009,доллар США,383000,2021,2884700000,2017,доллар США
http://www.wikidata.org/entity/Q37158,Starbucks,кофе,9774600000,2009,доллар США,383000,2021,8300000,2013,доллар США
http://www.wikidata.org/entity/Q37158,Starbucks,кофе,9774600000,2009,доллар США,383000,2021,1383800000,2012,доллар США
http://www.wikidata.org/entity/Q37158,Starbucks,кофе,9774600000,2009,доллар США,383000,2021,4518300000,2018,доллар США
http://www.wikidata.org/entity/Q37158,Starbucks,кофе,9774600000,2009,доллар США,383000,2021,390800000,2009,доллар США
http://www.wikidata.org/entity/Q37158,Starbucks,кофе,9774600000,2009,доллар США,383000,2021,4124500000,2023,доллар США
http://www.wikidata.org/entity/Q37158,Starbucks,кофе,9774600000,2009,доллар США,383000,2021,3760900000,2024,доллар США
http://www.wikidata.org/entity/Q37158,Starbucks,кофе,9774600000,2009,доллар США,383000,2021,1856400000,2025,доллар США
http://www.wikidata.org/entity/Q37158,Starbucks,кофе,9774600000,2009,доллар США,245000,2016,945600000,2010,доллар США
http://www.wikidata.org/entity/Q37158,Starbucks,кофе,9774600000,2009,доллар США,245000,2016,672600000,2007,доллар США
http://www.wikidata.org/entity/Q37158,Starbucks,кофе,9774600000,2009,доллар США,245000,2016,4199300000,2021,доллар США
http://www.wikidata.org/entity/Q37158,Starbucks,кофе,9774600000,2009,доллар США,245000,2016,315500000,2008,доллар США
http://www.wikidata.org/entity/Q37158,Starbucks,кофе,9774600000,2009,доллар США,245000,2016,2817700000,2016,доллар США
http://www.wikidata.org/entity/Q37158,Starbucks,кофе,9774600000,2009,доллар США,245000,2016,2757400000,2015,доллар США
http://www.wikidata.org/entity/Q37158,Starbucks,кофе,9774600000,2009,доллар США,245000,2016,2068100000,2014,доллар США
http://www.wikidata.org/entity/Q37158,Starbucks,кофе,9774600000,2009,доллар США,245000,2016,928300000,2020,доллар США
http://www.wikidata.org/entity/Q37158,Starbucks,кофе,9774600000,2009,доллар США,245000,2016,1245700000,2011,доллар США
http://www.wikidata.org/entity/Q37158,Starbucks,кофе,9774600000,2009,доллар США,245000,2016,3599200000,2019,доллар США
http://www.wikidata.org/entity/Q37158,Starbucks,кофе,9774600000,2009,доллар США,245000,2016,3281600000,2022,доллар США
http://www.wikidata.org/entity/Q37158,Starbucks,кофе,9774600000,2009,доллар США,245000,2016,2884700000,2017,доллар США
http://www.wikidata.org/entity/Q37158,Starbucks,кофе,9774600000,2009,доллар США,245000,2016,8300000,2013,доллар США
http://www.wikidata.org/entity/Q37158,Starbucks,кофе,9774600000,2009,доллар США,245000,2016,1383800000,2012,доллар США
http://www.wikidata.org/entity/Q37158,Starbucks,кофе,9774600000,2009,доллар США,245000,2016,4518300000,2018,доллар США
http://www.wikidata.org/entity/Q37158,Starbucks,кофе,9774600000,2009,доллар США,245000,2016,390800000,2009,доллар США
http://www.wikidata.org/entity/Q37158,Starbucks,кофе,9774600000,2009,доллар США,245000,2016,4124500000,2023,доллар США
http://www.wikidata.org/entity/Q37158,Starbucks,кофе,9774600000,2009,доллар США,245000,2016,3760900000,2024,доллар США
http://www.wikidata.org/entity/Q37158,Starbucks,кофе,9774600000,2009,доллар США,245000,2016,1856400000,2025,доллар США
http://www.wikidata.org/entity/Q37158,Starbucks,кофе,9411500000,2007,доллар США,191000,2014,945600000,2010,доллар США
http://www.wikidata.org/entity/Q37158,Starbucks,кофе,9411500000,2007,доллар США,191000,2014,672600000,2007,доллар США
http://www.wikidata.org/entity/Q37158,Starbucks,кофе,9411500000,2007,доллар США,191000,2014,4199300000,2021,доллар США
http://www.wikidata.org/entity/Q37158,Starbucks,кофе,9411500000,2007,доллар США,191000,2014,315500000,2008,доллар США
http://www.wikidata.org/entity/Q37158,Starbucks,кофе,9411500000,2007,доллар США,191000,2014,2817700000,2016,доллар США
http://www.wikidata.org/entity/Q37158,Starbucks,кофе,9411500000,2007,доллар США,191000,2014,2757400000,2015,доллар США
http://www.wikidata.org/entity/Q37158,Starbucks,кофе,9411500000,2007,доллар США,191000,2014,2068100000,2014,доллар США
http://www.wikidata.org/entity/Q37158,Starbucks,кофе,9411500000,2007,доллар США,191000,2014,928300000,2020,доллар США
http://www.wikidata.org/entity/Q37158,Starbucks,кофе,9411500000,2007,доллар США,191000,2014,1245700000,2011,доллар США
http://www.wikidata.org/entity/Q37158,Starbucks,кофе,9411500000,2007,доллар США,191000,2014,3599200000,2019,доллар США
http://www.wikidata.org/entity/Q37158,Starbucks,кофе,9411500000,2007,доллар США,191000,2014,3281600000,2022,доллар США
http://www.wikidata.org/entity/Q37158,Starbucks,кофе,9411500000,2007,доллар США,191000,2014,2884700000,2017,доллар США
http://www.wikidata.org/entity/Q37158,Starbucks,кофе,9411500000,2007,доллар США,191000,2014,8300000,2013,доллар США
http://www.wikidata.org/entity/Q37158,Starbucks,кофе,9411500000,2007,доллар США,191000,2014,1383800000,2012,доллар США
http://www.wikidata.org/entity/Q37158,Starbucks,кофе,9411500000,2007,доллар США,191000,2014,4518300000,2018,доллар США
http://www.wikidata.org/entity/Q37158,Starbucks,кофе,9411500000,2007,доллар США,191000,2014,390800000,2009,доллар США
http://www.wikidata.org/entity/Q37158,Starbucks,кофе,9411500000,2007,доллар США,191000,2014,4124500000,2023,доллар США
http://www.wikidata.org/entity/Q37158,Starbucks,кофе,9411500000,2007,доллар США,191000,2014,3760900000,2024,доллар США
http://www.wikidata.org/entity/Q37158,Starbucks,кофе,9411500000,2007,доллар США,191000,2014,1856400000,2025,доллар США
http://www.wikidata.org/entity/Q37158,Starbucks,кофе,9411500000,2007,доллар США,383000,2021,945600000,2010,доллар США
http://www.wikidata.org/entity/Q37158,Starbucks,кофе,9411500000,2007,доллар США,383000,2021,672600000,2007,доллар США
http://www.wikidata.org/entity/Q37158,Starbucks,кофе,9411500000,2007,доллар США,383000,2021,4199300000,2021,доллар США
http://www.wikidata.org/entity/Q37158,Starbucks,кофе,9411500000,2007,доллар США,383000,2021,315500000,2008,доллар США
http://www.wikidata.org/entity/Q37158,Starbucks,кофе,9411500000,2007,доллар США,383000,2021,2817700000,2016,доллар США
http://www.wikidata.org/entity/Q37158,Starbucks,кофе,9411500000,2007,доллар США,383000,2021,2757400000,2015,доллар США
http://www.wikidata.org/entity/Q37158,Starbucks,кофе,9411500000,2007,доллар США,383000,2021,2068100000,2014,доллар США
http://www.wikidata.org/entity/Q37158,Starbucks,кофе,9411500000,2007,доллар США,383000,2021,928300000,2020,доллар США
http://www.wikidata.org/entity/Q37158,Starbucks,кофе,9411500000,2007,доллар США,383000,2021,1245700000,2011,доллар США
http://www.wikidata.org/entity/Q37158,Starbucks,кофе,9411500000,2007,доллар США,383000,2021,3599200000,2019,доллар США
http://www.wikidata.org/entity/Q37158,Starbucks,кофе,9411500000,2007,доллар США,383000,2021,3281600000,2022,доллар США
http://www.wikidata.org/entity/Q37158,Starbucks,кофе,9411500000,2007,доллар США,383000,2021,2884700000,2017,доллар США
http://www.wikidata.org/entity/Q37158,Starbucks,кофе,9411500000,2007,доллар США,383000,2021,8300000,2013,доллар США
http://www.wikidata.org/entity/Q37158,Starbucks,кофе,9411500000,2007,доллар США,383000,2021,1383800000,2012,доллар США
http://www.wikidata.org/entity/Q37158,Starbucks,кофе,9411500000,2007,доллар США,383000,2021,4518300000,2018,доллар США
http://www.wikidata.org/entity/Q37158,Starbucks,кофе,9411500000,2007,доллар США,383000,2021,390800000,2009,доллар США
http://www.wikidata.org/entity/Q37158,Starbucks,кофе,9411500000,2007,доллар США,383000,2021,4124500000,2023,доллар США
http://www.wikidata.org/entity/Q37158,Starbucks,кофе,9411500000,2007,доллар США,383000,2021,3760900000,2024,доллар США
http://www.wikidata.org/entity/Q37158,Starbucks,кофе,9411500000,2007,доллар США,383000,2021,1856400000,2025,доллар США
http://www.wikidata.org/entity/Q37158,Starbucks,кофе,9411500000,2007,доллар США,245000,2016,945600000,2010,доллар США
http://www.wikidata.org/entity/Q37158,Starbucks,кофе,9411500000,2007,доллар США,245000,2016,672600000,2007,доллар США
http://www.wikidata.org/entity/Q37158,Starbucks,кофе,9411500000,2007,доллар США,245000,2016,4199300000,2021,доллар США
http://www.wikidata.org/entity/Q37158,Starbucks,кофе,9411500000,2007,доллар США,245000,2016,315500000,2008,доллар США
http://www.wikidata.org/entity/Q37158,Starbucks,кофе,9411500000,2007,доллар США,245000,2016,2817700000,2016,доллар США
http://www.wikidata.org/entity/Q37158,Starbucks,кофе,9411500000,2007,доллар США,245000,2016,2757400000,2015,доллар США
http://www.wikidata.org/entity/Q37158,Starbucks,кофе,9411500000,2007,доллар США,245000,2016,2068100000,2014,доллар США
http://www.wikidata.org/entity/Q37158,Starbucks,кофе,9411500000,2007,доллар США,245000,2016,928300000,2020,доллар США
http://www.wikidata.org/entity/Q37158,Starbucks,кофе,9411500000,2007,доллар США,245000,2016,1245700000,2011,доллар США
http://www.wikidata.org/entity/Q37158,Starbucks,кофе,9411500000,2007,доллар США,245000,2016,3599200000,2019,доллар США
http://www.wikidata.org/entity/Q37158,Starbucks,кофе,9411500000,2007,доллар США,245000,2016,3281600000,2022,доллар США
http://www.wikidata.org/entity/Q37158,Starbucks,кофе,9411500000,2007,доллар США,245000,2016,2884700000,2017,доллар США
http://www.wikidata.org/entity/Q37158,Starbucks,кофе,9411500000,2007,доллар США,245000,2016,8300000,2013,доллар США
http://www.wikidata.org/entity/Q37158,Starbucks,кофе,9411500000,2007,доллар США,245000,2016,1383800000,2012,доллар США
http://www.wikidata.org/entity/Q37158,Starbucks,кофе,9411500000,2007,доллар США,245000,2016,4518300000,2018,доллар США
http://www.wikidata.org/entity/Q37158,Starbucks,кофе,9411500000,2007,доллар США,245000,2016,390800000,2009,доллар США
http://www.wikidata.org/entity/Q37158,Starbucks,кофе,9411500000,2007,доллар США,245000,2016,4124500000,2023,доллар США
http://www.wikidata.org/entity/Q37158,Starbucks,кофе,9411500000,2007,доллар США,245000,2016,3760900000,2024,доллар США
http://www.wikidata.org/entity/Q37158,Starbucks,кофе,9411500000,2007,доллар США,245000,2016,1856400000,2025,доллар США
